road_id,city,start_latitude,start_longitude,end_latitude,end_longitude,road_type,distance_km,average_speed_kmh,safety_level,street_lights,traffic_signal,cctv_available,well_maintained
1,Bengaluru,13.011,77.6066,13.003,77.6128,Highway,2.24,38.1,High,Yes,No,No,No
2,Bengaluru,13.0556,77.5487,13.0625,77.5869,Primary,2.17,56.5,Medium,No,No,No,No
3,Bengaluru,12.9537,77.5887,12.9228,77.6178,Residential,0.72,35.4,Low,Yes,No,Yes,No
4,Bengaluru,13.0534,77.5004,13.0936,77.4951,Local,3.96,43.9,Low,Yes,Yes,No,No
5,Bengaluru,12.9233,77.6583,12.9515,77.6279,Residential,4.55,50.6,High,Yes,No,Yes,No
6,Bengaluru,12.9777,77.6272,12.97,77.5972,Local,3.16,46.1,Low,No,Yes,No,No
7,Bengaluru,12.9059,77.6562,12.9115,77.6761,Residential,3.62,52.7,Low,Yes,Yes,No,Yes
8,Bengaluru,12.9995,77.5622,13.0082,77.5207,Highway,4.58,47.1,Low,Yes,Yes,Yes,No
9,Bengaluru,13.0505,77.5481,13.0904,77.5878,Primary,2.35,54.4,Low,Yes,No,No,No
10,Bengaluru,12.9533,77.5804,12.9555,77.5454,Secondary,3.14,49.2,High,No,No,Yes,Yes
11,Bengaluru,12.9409,77.6439,12.9666,77.6271,Highway,4.52,26.1,Medium,No,Yes,No,No
12,Bengaluru,13.0463,77.5029,13.0534,77.5137,Local,4.24,30.1,Medium,No,No,No,No
13,Bengaluru,13.0468,77.6451,13.0485,77.648,Secondary,0.58,34.1,Low,Yes,No,No,Yes
14,Bengaluru,13.0322,77.5777,13.0106,77.5759,Secondary,1.78,46.5,High,No,No,No,Yes
15,Bengaluru,12.9858,77.6437,12.9661,77.6396,Primary,2.21,51.9,High,Yes,No,No,No
16,Bengaluru,12.9394,77.5942,12.9113,77.5573,Primary,2.47,26.2,Medium,Yes,Yes,No,Yes
17,Bengaluru,12.9899,77.672,13.0144,77.6255,Secondary,4.5,51.5,High,Yes,Yes,No,No
18,Bengaluru,12.9664,77.4954,12.9581,77.4609,Local,0.55,42.5,High,Yes,No,Yes,Yes
19,Bengaluru,12.96,77.5232,12.989,77.5371,Local,3.94,49.5,Medium,Yes,Yes,No,Yes
20,Bengaluru,13.0702,77.5762,13.076,77.5566,Highway,1.79,38.0,High,No,Yes,No,Yes
21,Bengaluru,12.9646,77.5072,12.9748,77.4637,Secondary,3.19,51.7,High,No,No,No,No
22,Bengaluru,12.9937,77.5475,12.9949,77.5781,Highway,1.79,37.2,Medium,No,Yes,Yes,Yes
23,Bengaluru,13.0695,77.5055,13.0676,77.5059,Highway,2.1,31.0,Medium,Yes,Yes,No,No
24,Bengaluru,13.044,77.6075,13.0273,77.57,Local,2.35,32.7,Low,Yes,No,Yes,Yes
25,Bengaluru,12.9342,77.5142,12.8899,77.4753,Secondary,2.87,34.6,High,Yes,No,Yes,Yes
26,Bengaluru,13.0195,77.5799,13.0011,77.6073,Primary,2.0,46.7,High,No,Yes,Yes,No
27,Bengaluru,12.9787,77.6817,13.0096,77.7118,Secondary,3.19,59.0,Medium,No,No,No,No
28,Bengaluru,12.8836,77.5981,12.9298,77.5771,Secondary,1.06,23.6,High,No,No,No,No
29,Bengaluru,12.9443,77.5727,12.9613,77.5515,Highway,0.98,56.6,High,No,No,No,No
30,Bengaluru,12.9745,77.5608,12.9555,77.5615,Highway,4.27,29.1,Low,Yes,Yes,Yes,Yes
31,Bengaluru,12.8755,77.56,12.853,77.601,Secondary,3.33,29.0,High,Yes,Yes,No,No
32,Bengaluru,12.9781,77.5553,12.946,77.5631,Highway,2.27,30.6,High,Yes,Yes,Yes,No
33,Bengaluru,12.9396,77.6658,12.9089,77.6349,Secondary,2.46,30.6,High,Yes,Yes,No,Yes
34,Bengaluru,12.9787,77.6655,13.0224,77.6261,Primary,0.52,26.0,Medium,Yes,Yes,Yes,Yes
35,Bengaluru,12.967,77.6616,12.9653,77.6227,Secondary,3.9,52.1,Medium,No,Yes,Yes,Yes
36,Bengaluru,12.9115,77.5022,12.8878,77.4574,Primary,3.4,31.0,Medium,Yes,Yes,No,No
37,Bengaluru,12.9548,77.6902,12.9264,77.6694,Residential,1.4,50.2,Low,No,No,No,Yes
38,Bengaluru,13.034,77.6678,13.0691,77.7056,Residential,1.27,21.6,High,No,No,Yes,Yes
39,Bengaluru,13.016,77.667,13.0172,77.6329,Residential,3.44,37.8,High,No,No,Yes,No
40,Bengaluru,12.9712,77.5566,13.0079,77.5739,Highway,4.15,22.9,High,Yes,No,No,No
41,Bengaluru,12.9173,77.6711,12.9426,77.6685,Highway,0.59,20.3,Medium,No,Yes,Yes,Yes
42,Bengaluru,13.0121,77.6858,13.0021,77.7312,Secondary,2.89,31.9,Medium,Yes,No,No,Yes
43,Bengaluru,13.0417,77.5775,12.9992,77.5852,Primary,1.01,41.9,Low,Yes,Yes,No,Yes
44,Bengaluru,12.9423,77.5211,12.9432,77.5432,Primary,3.53,53.4,Medium,Yes,Yes,Yes,Yes
45,Bengaluru,12.8797,77.6556,12.9151,77.6858,Primary,2.16,29.6,Medium,No,No,No,No
46,Bengaluru,12.9525,77.5857,12.9846,77.5594,Primary,3.68,27.5,High,Yes,Yes,Yes,Yes
47,Bengaluru,12.949,77.5638,12.9092,77.5814,Local,4.26,30.0,Medium,Yes,Yes,No,No
48,Bengaluru,13.0134,77.4988,13.0537,77.4561,Highway,0.66,29.1,High,No,Yes,Yes,Yes
49,Bengaluru,13.0117,77.575,13.035,77.5867,Highway,0.84,20.4,High,No,No,No,No
50,Bengaluru,12.989,77.5837,12.9655,77.5786,Local,4.26,54.5,High,No,Yes,Yes,Yes
51,Bengaluru,13.0008,77.5247,12.9891,77.5477,Primary,4.7,51.8,High,Yes,Yes,No,Yes
52,Bengaluru,12.9771,77.6806,12.9761,77.6425,Primary,2.68,38.2,Medium,Yes,No,No,Yes
53,Bengaluru,13.0603,77.5986,13.0881,77.5617,Residential,3.55,35.5,Medium,Yes,No,Yes,Yes
54,Bengaluru,12.9446,77.5811,12.9021,77.5815,Primary,3.3,22.3,Low,No,Yes,Yes,No
55,Bengaluru,13.0193,77.5617,13.0125,77.5601,Highway,3.94,21.3,High,No,Yes,Yes,No
56,Bengaluru,12.9336,77.5118,12.9759,77.5307,Primary,0.91,21.7,Medium,Yes,Yes,No,Yes
57,Bengaluru,12.8803,77.5419,12.8312,77.5121,Highway,4.5,59.8,Medium,No,Yes,Yes,Yes
58,Bengaluru,12.8772,77.5435,12.8688,77.5656,Residential,4.47,36.3,Low,Yes,No,Yes,No
59,Bengaluru,12.9338,77.56,12.9539,77.5213,Local,0.55,24.9,Medium,No,Yes,No,No
60,Bengaluru,12.968,77.5087,12.9504,77.5532,Secondary,1.75,38.4,Medium,No,Yes,Yes,No
61,Bengaluru,12.8726,77.6782,12.921,77.7018,Secondary,1.39,57.8,High,Yes,No,Yes,No
62,Bengaluru,12.8809,77.6194,12.92,77.62,Local,3.32,44.7,Low,Yes,No,Yes,Yes
63,Bengaluru,13.0496,77.5487,13.0515,77.5449,Highway,4.2,31.5,Medium,No,No,No,No
64,Bengaluru,12.9715,77.5823,12.9839,77.5455,Highway,3.25,31.0,High,Yes,Yes,No,Yes
65,Bengaluru,12.9473,77.6445,12.9449,77.6937,Secondary,0.94,28.4,Medium,Yes,Yes,No,No
66,Bengaluru,12.8985,77.5576,12.8963,77.5547,Secondary,2.68,35.2,High,No,No,No,Yes
67,Bengaluru,12.8942,77.6461,12.9252,77.6847,Highway,3.91,25.2,Low,Yes,No,No,No
68,Bengaluru,13.0185,77.6218,12.9767,77.6633,Residential,4.44,27.3,Low,Yes,Yes,Yes,Yes
69,Bengaluru,12.9557,77.6833,12.9929,77.6404,Primary,4.56,44.5,Low,Yes,Yes,Yes,No
70,Bengaluru,12.8739,77.6043,12.8677,77.6084,Secondary,4.88,55.8,High,Yes,No,No,Yes
71,Bengaluru,13.0611,77.5793,13.0553,77.5339,Primary,0.54,55.5,High,Yes,No,Yes,No
72,Bengaluru,13.004,77.5814,13.0445,77.5434,Secondary,4.19,47.8,High,No,No,Yes,Yes
73,Bengaluru,13.0442,77.5272,13.0795,77.5686,Secondary,4.16,57.2,Low,No,Yes,No,Yes
74,Bengaluru,12.8817,77.5034,12.8761,77.479,Primary,3.74,46.8,High,No,No,Yes,No
75,Bengaluru,12.8875,77.5043,12.8821,77.5439,Secondary,2.52,58.6,Medium,No,Yes,No,No
76,Bengaluru,12.8859,77.6266,12.9123,77.6758,Primary,2.44,42.8,Medium,Yes,Yes,No,Yes
77,Bengaluru,12.9771,77.6596,13.0199,77.7046,Primary,4.35,33.6,Medium,Yes,Yes,Yes,Yes
78,Bengaluru,12.9037,77.6903,12.9025,77.6767,Secondary,1.21,52.1,High,No,No,No,Yes
79,Bengaluru,13.0492,77.5027,13.0824,77.4825,Highway,4.61,36.1,High,No,No,Yes,Yes
80,Bengaluru,12.9323,77.5671,12.9812,77.521,Secondary,0.8,37.7,High,No,No,Yes,No
81,Mumbai,19.0725,72.9183,19.0419,72.8897,Secondary,0.81,29.5,Medium,Yes,No,No,Yes
82,Mumbai,19.0137,72.7889,19.063,72.8173,Highway,0.86,30.7,Low,Yes,Yes,Yes,No
83,Mumbai,19.0778,72.9436,19.0703,72.9065,Residential,2.07,38.2,Medium,Yes,Yes,No,Yes
84,Mumbai,19.0873,72.9069,19.0536,72.9553,Primary,0.56,50.4,Medium,Yes,Yes,No,No
85,Mumbai,19.1172,72.8245,19.1327,72.8135,Secondary,1.71,39.2,Medium,Yes,Yes,Yes,Yes
86,Mumbai,19.0789,72.7988,19.0809,72.7786,Secondary,3.62,31.9,High,Yes,No,Yes,No
87,Mumbai,19.0566,72.8955,19.0497,72.8629,Secondary,0.9,53.7,Medium,No,No,Yes,Yes
88,Mumbai,18.9949,72.9729,18.9873,72.9879,Local,1.79,27.3,Medium,Yes,No,No,Yes
89,Mumbai,18.9883,72.8102,19.0069,72.7852,Secondary,4.53,45.0,Low,No,No,No,Yes
90,Mumbai,19.093,72.8803,19.0763,72.8375,Secondary,2.73,37.4,High,No,Yes,Yes,Yes
91,Mumbai,19.0731,72.8864,19.0412,72.845,Secondary,1.87,44.7,Low,Yes,No,No,No
92,Mumbai,19.0592,72.8715,19.0192,72.8525,Secondary,2.15,46.6,Medium,Yes,Yes,No,Yes
93,Mumbai,19.0623,72.9412,19.0644,72.9773,Primary,4.29,31.2,High,Yes,No,No,No
94,Mumbai,19.0661,72.9284,19.0934,72.9627,Primary,4.8,30.2,High,Yes,Yes,Yes,Yes
95,Mumbai,19.1545,72.8694,19.1542,72.8288,Highway,3.55,59.3,High,No,Yes,No,Yes
96,Mumbai,19.1451,72.8999,19.1853,72.9056,Primary,0.68,53.4,Low,No,Yes,Yes,Yes
97,Mumbai,19.1396,72.7854,19.1409,72.7752,Local,4.42,54.2,Medium,Yes,Yes,Yes,Yes
98,Mumbai,18.995,72.7885,18.9531,72.8102,Local,3.76,47.1,High,No,Yes,No,Yes
99,Mumbai,19.1528,72.9644,19.1721,72.9314,Highway,4.36,54.4,High,Yes,Yes,Yes,Yes
100,Mumbai,19.0186,72.9115,19.0519,72.874,Local,2.94,51.7,Medium,No,Yes,No,Yes
101,Mumbai,19.0414,72.899,19.0751,72.9486,Secondary,4.69,44.4,Medium,Yes,No,No,No
102,Mumbai,19.1257,72.9345,19.1478,72.9503,Secondary,1.96,34.2,Low,No,Yes,No,No
103,Mumbai,19.1452,72.8632,19.1336,72.8968,Residential,1.73,38.2,High,Yes,No,No,No
104,Mumbai,19.0569,72.8564,19.0131,72.8655,Secondary,1.36,49.9,High,No,Yes,No,Yes
105,Mumbai,19.0265,72.9436,19.0711,72.9345,Highway,3.67,54.2,High,Yes,Yes,Yes,Yes
106,Mumbai,19.0137,72.8793,19.0448,72.9028,Residential,2.88,45.2,Low,Yes,Yes,Yes,Yes
107,Mumbai,19.1548,72.9617,19.1869,72.9154,Residential,0.75,58.1,Medium,Yes,No,No,No
108,Mumbai,19.0584,72.8225,19.0572,72.8355,Primary,4.7,46.9,High,No,Yes,Yes,Yes
109,Mumbai,19.1171,72.8755,19.0893,72.908,Primary,2.22,23.0,Medium,Yes,Yes,Yes,Yes
110,Mumbai,19.146,72.9772,19.1771,72.9646,Secondary,4.49,59.9,High,Yes,No,Yes,No
111,Mumbai,19.1333,72.8402,19.1674,72.875,Primary,4.61,28.4,Low,Yes,Yes,No,Yes
112,Mumbai,19.1441,72.8723,19.158,72.8273,Local,0.68,58.8,High,Yes,No,No,Yes
113,Mumbai,18.9945,72.9236,19.0126,72.9109,Primary,2.06,37.6,Medium,Yes,Yes,Yes,No
114,Mumbai,18.9842,72.8832,19.018,72.9214,Secondary,4.49,44.9,Low,Yes,No,No,Yes
115,Mumbai,19.1709,72.787,19.1422,72.8125,Primary,2.1,40.6,High,Yes,No,No,No
116,Mumbai,18.9904,72.8072,19.0217,72.8324,Primary,0.83,27.6,High,Yes,Yes,Yes,Yes
117,Mumbai,19.1045,72.7854,19.1322,72.7854,Primary,3.3,46.8,Low,No,Yes,No,No
118,Mumbai,19.1502,72.8462,19.1563,72.8845,Residential,3.96,59.5,Medium,No,Yes,Yes,Yes
119,Mumbai,19.0343,72.8311,19.0016,72.839,Residential,4.68,23.7,Low,No,Yes,Yes,Yes
120,Mumbai,19.1002,72.9215,19.124,72.8857,Residential,3.06,43.7,Low,Yes,Yes,Yes,Yes
121,Mumbai,19.145,72.9572,19.1661,72.9172,Residential,1.69,42.4,Low,No,Yes,Yes,No
122,Mumbai,19.1284,72.8852,19.0817,72.8719,Highway,4.28,31.2,Medium,No,Yes,Yes,Yes
123,Mumbai,19.0207,72.9622,19.0692,72.9676,Residential,2.42,27.1,Medium,No,Yes,No,No
124,Mumbai,18.987,72.862,18.9832,72.8927,Highway,3.68,58.4,High,No,No,No,Yes
125,Mumbai,19.1028,72.9606,19.1193,72.9185,Highway,1.44,26.6,Medium,Yes,No,Yes,No
126,Mumbai,19.0515,72.8667,19.0029,72.9088,Highway,0.71,26.3,High,No,Yes,Yes,No
127,Mumbai,19.0799,72.8907,19.126,72.901,Secondary,3.51,27.9,Low,No,No,Yes,Yes
128,Mumbai,19.1632,72.951,19.166,72.9798,Residential,4.92,24.1,Low,Yes,No,No,Yes
129,Mumbai,19.1476,72.8374,19.1206,72.8624,Local,4.66,52.1,Low,Yes,Yes,No,No
130,Mumbai,19.1025,72.8354,19.0812,72.8147,Residential,3.37,54.1,High,Yes,Yes,Yes,Yes
131,Mumbai,19.0858,72.8216,19.101,72.8443,Residential,2.43,25.9,Medium,Yes,Yes,No,Yes
132,Mumbai,19.0287,72.7853,19.0773,72.7668,Highway,1.05,35.2,Low,No,No,No,No
133,Mumbai,19.0274,72.7819,18.983,72.7422,Primary,1.5,38.4,Low,Yes,Yes,No,No
134,Mumbai,19.1641,72.9589,19.1495,72.947,Secondary,3.05,42.3,Low,No,No,Yes,Yes
135,Mumbai,19.0432,72.8898,19.0132,72.8812,Highway,0.93,21.4,High,Yes,Yes,Yes,Yes
136,Mumbai,19.0971,72.9161,19.134,72.9229,Secondary,2.22,49.2,Low,No,No,Yes,Yes
137,Mumbai,19.0989,72.9441,19.0608,72.8955,Secondary,2.72,47.9,Low,No,No,Yes,Yes
138,Mumbai,19.003,72.8919,19.0192,72.9301,Secondary,2.34,31.6,Medium,Yes,No,No,Yes
139,Mumbai,19.0393,72.9723,19.0239,72.9581,Secondary,1.37,53.6,Low,Yes,Yes,No,Yes
140,Mumbai,19.0982,72.952,19.0917,72.9244,Primary,0.57,21.8,Medium,No,Yes,No,Yes
141,Mumbai,19.0785,72.8905,19.1017,72.8789,Secondary,2.72,32.7,Medium,No,Yes,Yes,Yes
142,Mumbai,19.1363,72.866,19.1712,72.8866,Primary,2.71,36.0,High,No,Yes,No,Yes
143,Mumbai,19.0202,72.8315,18.9746,72.8807,Primary,4.11,52.4,Low,No,Yes,No,No
144,Mumbai,19.1225,72.8641,19.1334,72.891,Secondary,3.56,24.9,Low,Yes,No,No,Yes
145,Mumbai,19.0632,72.9721,19.0448,72.9535,Residential,0.67,54.1,Low,Yes,Yes,No,Yes
146,Mumbai,18.995,72.9233,19.0427,72.8771,Primary,1.96,24.9,Low,Yes,Yes,Yes,No
147,Mumbai,19.1538,72.7874,19.1686,72.7583,Primary,3.03,35.3,High,No,No,No,No
148,Mumbai,19.1624,72.8335,19.1187,72.8438,Residential,4.78,53.1,Medium,Yes,No,Yes,No
149,Mumbai,19.0248,72.9304,19.0009,72.9786,Local,3.14,25.1,Low,Yes,No,No,Yes
150,Mumbai,19.0601,72.9567,19.0738,72.9229,Residential,4.92,21.4,Low,Yes,Yes,Yes,Yes
151,Mumbai,19.1275,72.924,19.0975,72.8951,Residential,3.69,37.9,Medium,Yes,Yes,Yes,Yes
152,Mumbai,19.0355,72.9097,19.0542,72.951,Residential,1.12,32.6,High,No,No,Yes,No
153,Mumbai,19.0279,72.8362,19.0515,72.8165,Residential,3.67,23.8,Medium,No,Yes,Yes,No
154,Mumbai,18.9885,72.9419,19.0059,72.8976,Highway,0.92,53.7,Low,No,No,No,Yes
155,Mumbai,19.0361,72.9384,19.0584,72.909,Residential,1.72,33.5,Medium,Yes,Yes,No,Yes
156,Mumbai,19.0572,72.9429,19.0597,72.9736,Highway,1.52,45.7,Medium,Yes,Yes,Yes,Yes
157,Mumbai,19.1462,72.9331,19.1774,72.9365,Primary,1.71,38.3,Medium,No,No,Yes,Yes
158,Mumbai,19.0662,72.7979,19.0193,72.8349,Residential,3.68,37.6,Low,Yes,Yes,No,Yes
159,Mumbai,19.1146,72.938,19.0983,72.9114,Primary,2.29,33.1,Low,Yes,No,No,No
160,Mumbai,19.1657,72.8117,19.1172,72.8098,Primary,4.85,52.8,Medium,Yes,No,Yes,No
161,Delhi,28.5675,77.1206,28.5457,77.1262,Highway,1.99,43.4,Low,No,Yes,Yes,Yes
162,Delhi,28.4967,77.2623,28.536,77.2571,Residential,3.82,58.0,Low,No,No,No,No
163,Delhi,28.4723,77.1813,28.4784,77.1448,Local,1.54,56.5,Medium,Yes,No,No,Yes
164,Delhi,28.5414,77.27,28.5302,77.2248,Highway,4.95,56.4,Medium,Yes,Yes,No,No
165,Delhi,28.5729,77.2609,28.5534,77.3083,Primary,2.75,39.3,Low,No,Yes,Yes,No
166,Delhi,28.5898,77.2258,28.6387,77.2437,Primary,4.07,21.2,Low,No,No,Yes,Yes
167,Delhi,28.6111,77.2803,28.639,77.2911,Local,1.55,39.0,Medium,Yes,Yes,No,Yes
168,Delhi,28.6172,77.2146,28.5792,77.2349,Residential,1.8,21.4,Medium,Yes,Yes,No,No
169,Delhi,28.4851,77.291,28.4604,77.2944,Local,1.94,27.9,Low,No,No,No,Yes
170,Delhi,28.4607,77.2492,28.4509,77.2775,Local,2.23,39.2,High,Yes,Yes,Yes,Yes
171,Delhi,28.4997,77.1794,28.5182,77.1731,Residential,0.74,44.8,Medium,No,No,Yes,Yes
172,Delhi,28.5563,77.2887,28.5261,77.2522,Primary,4.92,54.7,High,Yes,Yes,Yes,Yes
173,Delhi,28.4925,77.305,28.463,77.2885,Highway,2.86,34.6,Medium,Yes,No,Yes,No
174,Delhi,28.4659,77.1824,28.4836,77.1613,Residential,1.93,47.3,Low,Yes,Yes,No,Yes
175,Delhi,28.4999,77.2396,28.4626,77.1955,Secondary,1.65,55.0,Low,No,No,Yes,Yes
176,Delhi,28.536,77.1827,28.5422,77.164,Highway,2.78,49.1,High,No,Yes,No,No
177,Delhi,28.4439,77.2864,28.4491,77.2723,Residential,2.07,50.5,Low,No,No,Yes,No
178,Delhi,28.5148,77.2662,28.4745,77.271,Residential,3.16,56.4,Medium,No,No,No,Yes
179,Delhi,28.5664,77.2423,28.5576,77.2256,Local,0.61,34.4,High,Yes,Yes,Yes,Yes
180,Delhi,28.584,77.2911,28.535,77.3034,Primary,4.9,59.8,High,No,Yes,Yes,No
181,Delhi,28.5831,77.1239,28.6089,77.0761,Highway,1.33,32.8,Medium,Yes,No,No,Yes
182,Delhi,28.5467,77.246,28.5075,77.203,Secondary,2.04,55.4,Medium,Yes,No,Yes,Yes
183,Delhi,28.504,77.1121,28.5516,77.1494,Secondary,2.01,51.9,High,No,Yes,No,No
184,Delhi,28.4393,77.2089,28.4586,77.166,Local,4.86,40.8,Medium,Yes,Yes,No,No
185,Delhi,28.4301,77.2725,28.406,77.2934,Local,4.05,21.6,Medium,No,Yes,Yes,No
186,Delhi,28.5081,77.2085,28.4852,77.1614,Secondary,2.65,57.8,Low,Yes,Yes,Yes,Yes
187,Delhi,28.4588,77.1186,28.4272,77.1028,Primary,0.97,37.6,Medium,Yes,Yes,Yes,No
188,Delhi,28.5653,77.2185,28.5264,77.1862,Local,4.57,52.1,High,No,No,Yes,Yes
189,Delhi,28.4813,77.1408,28.4921,77.1484,Highway,2.01,25.0,Low,No,Yes,Yes,Yes
190,Delhi,28.4334,77.253,28.3932,77.2467,Residential,4.42,53.4,Medium,No,Yes,No,No
191,Delhi,28.4879,77.1632,28.443,77.129,Primary,2.89,34.5,Medium,Yes,Yes,No,No
192,Delhi,28.5546,77.3004,28.5494,77.2567,Local,4.38,37.5,Medium,Yes,Yes,No,Yes
193,Delhi,28.5182,77.1656,28.5182,77.1316,Residential,1.75,40.6,High,No,Yes,Yes,No
194,Delhi,28.5903,77.2193,28.6106,77.1984,Highway,3.52,23.6,Low,Yes,No,No,Yes
195,Delhi,28.5737,77.1419,28.5814,77.1277,Local,0.79,54.3,Low,Yes,Yes,No,No
196,Delhi,28.5944,77.2761,28.6276,77.3111,Local,2.1,29.7,Low,No,No,Yes,Yes
197,Delhi,28.4932,77.3062,28.5193,77.3518,Highway,3.98,32.7,Low,No,Yes,Yes,No
198,Delhi,28.5388,77.1575,28.4899,77.1206,Highway,1.53,30.7,Low,Yes,Yes,No,No
199,Delhi,28.4505,77.1466,28.4069,77.1829,Highway,3.14,29.9,Low,No,No,Yes,Yes
200,Delhi,28.5583,77.1212,28.5136,77.1255,Secondary,3.86,27.2,Medium,Yes,No,No,No
201,Delhi,28.4863,77.1552,28.526,77.1688,Residential,1.75,37.7,High,No,No,Yes,Yes
202,Delhi,28.464,77.2755,28.4883,77.294,Primary,1.42,41.3,Medium,Yes,Yes,No,Yes
203,Delhi,28.5118,77.2108,28.4633,77.1828,Secondary,1.83,22.2,High,No,No,Yes,Yes
204,Delhi,28.5598,77.2113,28.5254,77.2005,Local,4.02,29.9,High,No,Yes,No,Yes
205,Delhi,28.4315,77.1341,28.3833,77.1776,Highway,3.94,52.4,High,No,Yes,Yes,No
206,Delhi,28.4616,77.3024,28.4671,77.2694,Primary,4.97,54.8,Low,Yes,Yes,No,No
207,Delhi,28.6188,77.1375,28.5689,77.1471,Local,3.8,56.9,Low,No,Yes,No,Yes
208,Delhi,28.562,77.1707,28.6076,77.213,Highway,1.63,34.3,High,Yes,No,No,Yes
209,Delhi,28.4558,77.1921,28.408,77.1865,Highway,2.92,35.7,High,No,Yes,Yes,Yes
210,Delhi,28.428,77.2182,28.4321,77.2006,Local,4.04,31.4,High,No,No,No,Yes
211,Delhi,28.5416,77.2416,28.5575,77.2314,Highway,4.12,52.1,Low,No,Yes,No,No
212,Delhi,28.6073,77.125,28.5986,77.1156,Highway,3.42,42.5,Medium,Yes,No,Yes,Yes
213,Delhi,28.59,77.1409,28.6057,77.1791,Residential,4.54,31.7,High,No,No,Yes,Yes
214,Delhi,28.514,77.1617,28.5028,77.1404,Secondary,2.27,31.2,Medium,Yes,No,Yes,Yes
215,Delhi,28.459,77.1757,28.436,77.2025,Primary,0.78,24.2,Low,Yes,Yes,Yes,Yes
216,Delhi,28.5991,77.2594,28.6162,77.2941,Residential,2.81,49.5,Low,Yes,Yes,Yes,Yes
217,Delhi,28.6099,77.1201,28.6002,77.0702,Local,2.15,48.6,Low,No,No,No,No
218,Delhi,28.5219,77.2329,28.5207,77.1984,Primary,0.86,36.7,High,Yes,Yes,No,No
219,Delhi,28.605,77.1857,28.6309,77.1868,Local,4.92,24.1,Low,No,Yes,Yes,Yes
220,Delhi,28.5517,77.2736,28.5362,77.2496,Residential,4.1,38.7,Medium,No,Yes,Yes,No
221,Delhi,28.5062,77.1646,28.5363,77.1603,Residential,4.14,44.2,Low,No,Yes,No,Yes
222,Delhi,28.5337,77.2175,28.5143,77.2602,Primary,2.73,48.7,High,Yes,No,Yes,No
223,Delhi,28.47,77.2236,28.4648,77.2273,Secondary,2.17,26.2,High,No,Yes,Yes,No
224,Delhi,28.426,77.2866,28.4721,77.2379,Local,4.69,27.1,Low,No,No,Yes,No
225,Delhi,28.4686,77.2093,28.422,77.1763,Secondary,2.96,43.8,High,No,Yes,Yes,Yes
226,Delhi,28.4262,77.2684,28.4369,77.2521,Highway,1.29,36.7,Medium,No,Yes,Yes,Yes
227,Delhi,28.462,77.1924,28.4384,77.1436,Secondary,3.46,20.2,Medium,Yes,Yes,No,No
228,Delhi,28.5186,77.2215,28.5515,77.2038,Primary,4.68,45.9,High,Yes,Yes,No,Yes
229,Delhi,28.5592,77.1497,28.5598,77.1714,Local,3.37,49.7,Low,No,Yes,Yes,No
230,Delhi,28.5627,77.2835,28.544,77.3088,Highway,2.73,35.5,Low,Yes,Yes,No,No
231,Delhi,28.4956,77.1636,28.5199,77.1388,Highway,1.29,35.4,Low,No,No,No,Yes
232,Delhi,28.4486,77.192,28.4146,77.1702,Secondary,1.79,49.4,High,No,No,Yes,Yes
233,Delhi,28.4491,77.127,28.4188,77.1021,Highway,3.24,58.3,Medium,Yes,No,No,No
234,Delhi,28.5723,77.1903,28.5337,77.2209,Primary,3.81,30.0,Low,No,Yes,Yes,Yes
235,Delhi,28.4498,77.1865,28.4253,77.1628,Highway,1.27,41.4,Medium,Yes,No,No,Yes
236,Delhi,28.4705,77.2614,28.4348,77.2972,Secondary,2.03,26.5,High,Yes,Yes,No,Yes
237,Delhi,28.5236,77.2532,28.5404,77.2928,Primary,0.89,40.4,Medium,No,No,No,No
238,Delhi,28.5051,77.1342,28.4678,77.1319,Residential,2.78,39.7,Medium,No,Yes,No,No
239,Delhi,28.5617,77.2751,28.5885,77.2291,Highway,2.37,46.7,Low,No,Yes,Yes,No
240,Delhi,28.4937,77.2377,28.5023,77.2234,Residential,3.69,29.5,Medium,No,No,No,No
241,Chennai,13.1233,80.198,13.1118,80.2015,Primary,2.38,43.3,Low,No,No,Yes,No
242,Chennai,13.085,80.3594,13.0853,80.3678,Local,0.69,22.0,High,No,No,No,Yes
243,Chennai,13.158,80.1745,13.2013,80.1902,Primary,3.8,46.1,Medium,Yes,Yes,No,Yes
244,Chennai,12.9885,80.3087,12.9509,80.2801,Residential,2.67,44.3,Medium,Yes,No,Yes,Yes
245,Chennai,13.1461,80.3429,13.0974,80.3624,Residential,3.27,38.1,High,Yes,No,Yes,Yes
246,Chennai,13.0095,80.305,13.052,80.2663,Residential,0.52,51.7,Low,Yes,Yes,Yes,No
247,Chennai,13.0997,80.2593,13.0817,80.2903,Secondary,0.65,20.3,Medium,No,Yes,Yes,No
248,Chennai,13.0026,80.2252,13.0507,80.2246,Highway,4.24,25.6,High,No,No,Yes,Yes
249,Chennai,13.0881,80.2357,13.072,80.1878,Secondary,1.21,44.3,Low,No,No,Yes,No
250,Chennai,13.005,80.2002,12.9746,80.153,Secondary,2.43,20.8,Medium,Yes,Yes,Yes,Yes
251,Chennai,13.1485,80.2595,13.1512,80.2133,Local,3.07,46.1,High,No,Yes,Yes,No
252,Chennai,13.1014,80.2035,13.1494,80.1929,Highway,1.06,49.1,Medium,Yes,No,No,No
253,Chennai,13.1114,80.1883,13.1003,80.1696,Highway,4.52,35.6,Low,No,No,Yes,No
254,Chennai,13.0359,80.2137,13.0846,80.2194,Primary,4.21,31.0,High,Yes,No,No,Yes
255,Chennai,13.1374,80.3457,13.1436,80.3171,Secondary,0.62,54.1,Low,Yes,Yes,Yes,Yes
256,Chennai,12.985,80.2821,12.9942,80.3057,Residential,3.48,42.0,High,Yes,Yes,No,No
257,Chennai,13.0358,80.2043,13.0503,80.2231,Highway,3.62,30.5,High,Yes,No,No,No
258,Chennai,13.0934,80.173,13.081,80.2172,Secondary,3.63,40.5,Low,Yes,Yes,Yes,No
259,Chennai,13.0508,80.266,13.0523,80.2326,Primary,1.83,35.0,Medium,No,Yes,No,Yes
260,Chennai,13.0329,80.3086,13.0388,80.3119,Primary,4.33,43.1,Low,Yes,Yes,Yes,No
261,Chennai,13.1682,80.2624,13.2096,80.2214,Residential,3.47,44.7,Medium,No,Yes,Yes,No
262,Chennai,13.0372,80.345,13.0178,80.3468,Primary,2.68,40.3,Medium,No,Yes,No,Yes
263,Chennai,12.991,80.227,12.997,80.1792,Secondary,1.6,48.8,Medium,Yes,No,Yes,No
264,Chennai,13.025,80.1998,13.0727,80.1754,Highway,1.92,46.6,Medium,No,Yes,No,No
265,Chennai,13.1733,80.274,13.178,80.2281,Primary,4.19,34.3,Medium,Yes,No,No,Yes
266,Chennai,13.0989,80.3595,13.1231,80.3832,Secondary,4.15,31.0,Low,Yes,Yes,Yes,No
267,Chennai,13.0359,80.2736,13.052,80.3072,Secondary,0.98,51.4,Low,Yes,Yes,Yes,Yes
268,Chennai,13.1238,80.3199,13.1486,80.314,Local,4.08,25.5,High,No,Yes,No,No
269,Chennai,12.991,80.2465,12.9512,80.2566,Local,0.66,54.9,High,Yes,No,Yes,No
270,Chennai,13.0583,80.286,13.0408,80.3076,Secondary,4.06,57.2,High,Yes,No,Yes,Yes
271,Chennai,13.1262,80.3594,13.1302,80.3555,Primary,2.87,45.0,Medium,No,Yes,Yes,No
272,Chennai,13.0928,80.2208,13.0856,80.2588,Primary,2.29,55.7,Low,No,No,Yes,No
273,Chennai,13.1247,80.3608,13.1493,80.3629,Highway,1.6,30.1,High,Yes,No,Yes,No
274,Chennai,13.1414,80.2427,13.1448,80.2523,Secondary,4.72,40.5,Medium,Yes,No,Yes,No
275,Chennai,13.0641,80.2525,13.0685,80.2523,Secondary,2.95,52.7,High,No,Yes,Yes,No
276,Chennai,13.0248,80.2344,13.0305,80.1952,Residential,1.58,33.3,High,No,Yes,Yes,No
277,Chennai,13.1535,80.2051,13.1321,80.1822,Local,1.72,21.2,Medium,Yes,Yes,Yes,No
278,Chennai,13.0227,80.2171,13.029,80.1676,Primary,4.09,27.7,High,No,No,Yes,No
279,Chennai,13.1231,80.3149,13.0731,80.3603,Primary,3.78,53.3,Low,No,No,No,Yes
280,Chennai,13.1501,80.1894,13.1961,80.2072,Primary,3.82,36.5,Low,Yes,No,No,No
281,Chennai,13.078,80.3573,13.0781,80.376,Residential,0.84,35.0,Medium,Yes,No,Yes,Yes
282,Chennai,12.9956,80.2512,12.9785,80.2549,Residential,0.61,29.9,Medium,Yes,No,No,No
283,Chennai,13.1006,80.2771,13.1405,80.3199,Highway,1.7,40.8,Low,Yes,Yes,No,Yes
284,Chennai,13.0072,80.3563,13.0307,80.343,Highway,2.54,24.0,Low,Yes,No,No,No
285,Chennai,13.1218,80.3104,13.121,80.3519,Highway,3.67,27.6,High,Yes,No,Yes,Yes
286,Chennai,12.9912,80.2974,12.9716,80.3245,Residential,1.62,50.3,Medium,Yes,Yes,Yes,No
287,Chennai,13.0086,80.2615,13.0274,80.2748,Primary,2.78,21.8,Low,No,Yes,Yes,No
288,Chennai,13.0463,80.2146,13.0722,80.1871,Local,3.55,52.4,High,Yes,No,No,No
289,Chennai,13.0663,80.3593,13.0251,80.3939,Highway,3.75,45.7,Medium,Yes,No,No,Yes
290,Chennai,13.1765,80.2642,13.171,80.281,Local,3.08,55.0,Medium,Yes,No,No,No
291,Chennai,12.988,80.3289,12.972,80.2853,Secondary,1.66,39.7,Medium,Yes,Yes,Yes,No
292,Chennai,13.0357,80.2407,13.0225,80.2462,Local,3.69,39.7,Low,Yes,No,Yes,Yes
293,Chennai,13.1278,80.2126,13.1394,80.2055,Residential,4.48,23.0,Medium,Yes,Yes,No,No
294,Chennai,13.1636,80.2388,13.2043,80.2418,Primary,2.2,34.8,High,No,No,Yes,No
295,Chennai,13.0448,80.2629,13.049,80.2972,Residential,3.53,22.3,Low,Yes,No,No,Yes
296,Chennai,13.0476,80.2499,13.0537,80.2228,Primary,2.33,31.8,High,No,Yes,No,Yes
297,Chennai,13.0152,80.3416,13.0172,80.3746,Local,3.59,27.8,Low,No,Yes,No,No
298,Chennai,13.0318,80.2937,13.045,80.33,Local,2.49,51.1,Low,No,No,Yes,Yes
299,Chennai,13.0646,80.346,13.0158,80.326,Primary,1.84,44.6,Low,No,Yes,No,No
300,Chennai,13.0359,80.2631,13.0808,80.313,Primary,2.97,49.1,Medium,Yes,Yes,No,Yes
301,Chennai,13.0906,80.1965,13.0802,80.1645,Residential,2.87,42.4,High,Yes,No,Yes,No
302,Chennai,13.0019,80.2301,13.0116,80.1888,Primary,0.74,22.1,High,No,Yes,Yes,No
303,Chennai,12.9969,80.2903,12.9996,80.2921,Local,1.69,28.5,Medium,Yes,No,Yes,Yes
304,Chennai,13.1725,80.3261,13.2069,80.3194,Secondary,1.78,30.9,Low,Yes,Yes,Yes,Yes
305,Chennai,13.1826,80.2233,13.2022,80.1898,Secondary,3.09,48.6,Low,No,No,Yes,Yes
306,Chennai,13.103,80.2832,13.0681,80.3125,Residential,1.11,34.2,High,No,No,Yes,Yes
307,Chennai,13.157,80.3033,13.1753,80.2553,Primary,2.04,37.9,Medium,No,Yes,Yes,No
308,Chennai,13.1679,80.3526,13.1539,80.3491,Primary,2.8,28.3,Medium,Yes,No,Yes,No
309,Chennai,13.062,80.1863,13.0808,80.2034,Highway,2.18,44.6,High,No,Yes,No,Yes
310,Chennai,12.9992,80.1712,12.9995,80.185,Highway,2.45,21.7,High,Yes,No,No,Yes
311,Chennai,13.0971,80.2875,13.0545,80.284,Local,1.44,23.8,Medium,No,No,No,Yes
312,Chennai,13.0583,80.2634,13.0692,80.2423,Local,0.9,22.5,Low,Yes,No,Yes,No
313,Chennai,13.1223,80.2955,13.1193,80.3175,Primary,1.35,28.7,Medium,Yes,No,Yes,Yes
314,Chennai,13.1491,80.2276,13.1456,80.2755,Secondary,2.14,59.6,High,No,Yes,No,No
315,Chennai,13.0138,80.2162,12.9659,80.2266,Primary,1.52,21.4,Low,Yes,Yes,No,No
316,Chennai,13.0408,80.328,12.9952,80.3174,Secondary,1.22,38.8,Low,Yes,Yes,Yes,Yes
317,Chennai,13.1294,80.2982,13.162,80.2589,Secondary,3.4,47.9,High,No,Yes,No,No
318,Chennai,13.0991,80.2205,13.1201,80.1715,Secondary,3.48,55.6,High,Yes,Yes,No,Yes
319,Chennai,13.0032,80.183,12.9912,80.1667,Secondary,0.73,26.3,Medium,No,Yes,No,No
320,Chennai,13.0376,80.2802,13.0009,80.3246,Highway,1.15,27.2,Medium,No,No,No,No
321,Lucknow,26.8787,80.9354,26.9013,80.9562,Secondary,1.51,22.6,Medium,No,Yes,Yes,No
322,Lucknow,26.7505,81.0007,26.7049,81.0161,Local,1.27,53.1,Low,No,No,Yes,No
323,Lucknow,26.9185,80.9397,26.9135,80.9869,Secondary,2.32,54.4,Medium,No,No,No,Yes
324,Lucknow,26.931,80.9308,26.9281,80.9726,Local,1.75,35.5,Low,Yes,No,No,No
325,Lucknow,26.7934,81.0451,26.8278,81.0639,Secondary,4.8,46.6,Low,No,Yes,Yes,Yes
326,Lucknow,26.9304,80.9668,26.9595,80.9361,Secondary,4.11,23.7,Low,No,No,Yes,Yes
327,Lucknow,26.9032,80.9524,26.8732,80.9311,Highway,3.15,30.0,Medium,Yes,Yes,No,No
328,Lucknow,26.8214,81.0266,26.8644,81.0037,Primary,4.63,30.2,Low,Yes,Yes,No,No
329,Lucknow,26.7703,80.8575,26.7782,80.8467,Residential,2.35,38.2,High,Yes,Yes,Yes,No
330,Lucknow,26.8315,80.9312,26.8329,80.9399,Highway,1.13,33.2,Low,Yes,Yes,No,Yes
331,Lucknow,26.9296,80.8503,26.9258,80.8416,Residential,4.83,20.4,High,Yes,No,Yes,Yes
332,Lucknow,26.8105,80.9996,26.8505,81.0019,Residential,1.43,41.3,Low,Yes,Yes,Yes,No
333,Lucknow,26.8898,81.0062,26.8571,80.9565,Primary,2.06,54.6,High,No,No,No,Yes
334,Lucknow,26.8762,80.9306,26.8741,80.8823,Residential,1.16,30.9,High,Yes,No,No,Yes
335,Lucknow,26.8392,80.989,26.803,81.0356,Primary,3.81,43.0,Low,Yes,Yes,No,No
336,Lucknow,26.9033,80.9955,26.9219,80.9473,Residential,3.22,45.5,Medium,No,No,No,Yes
337,Lucknow,26.8835,80.8993,26.9128,80.88,Local,3.6,57.2,High,No,No,No,Yes
338,Lucknow,26.9026,80.9612,26.8774,80.9192,Primary,4.93,27.9,High,Yes,Yes,Yes,Yes
339,Lucknow,26.8919,80.9776,26.8774,81.0097,Local,3.8,59.4,Low,No,No,Yes,Yes
340,Lucknow,26.801,80.8832,26.8043,80.8847,Highway,3.57,36.0,Low,No,Yes,Yes,No
341,Lucknow,26.755,80.9325,26.7145,80.9484,Local,0.74,28.4,High,Yes,Yes,Yes,No
342,Lucknow,26.8502,80.8492,26.8516,80.8565,Primary,1.69,57.4,High,Yes,Yes,No,Yes
343,Lucknow,26.9037,80.8862,26.9213,80.8922,Secondary,1.09,32.2,Low,No,Yes,No,No
344,Lucknow,26.8534,80.8688,26.8286,80.8966,Secondary,4.23,55.1,Low,No,Yes,Yes,No
345,Lucknow,26.8196,80.9168,26.8447,80.9347,Residential,3.36,59.2,Low,No,No,No,Yes
346,Lucknow,26.9009,80.9785,26.9405,80.9447,Secondary,2.34,56.7,Medium,Yes,Yes,No,Yes
347,Lucknow,26.8184,80.8699,26.8471,80.8607,Secondary,4.98,48.4,High,Yes,Yes,Yes,No
348,Lucknow,26.8713,80.8476,26.9117,80.8503,Highway,0.7,43.0,Low,Yes,No,Yes,No
349,Lucknow,26.8434,80.9134,26.8334,80.9,Primary,1.2,46.6,Medium,No,Yes,Yes,Yes
350,Lucknow,26.8323,80.8857,26.7997,80.8643,Secondary,4.6,48.5,Medium,No,No,No,No
351,Lucknow,26.7645,80.8578,26.7866,80.8633,Primary,2.18,52.9,Medium,Yes,No,Yes,No
352,Lucknow,26.7577,80.9809,26.7881,80.9493,Local,4.51,28.0,Medium,Yes,No,No,No
353,Lucknow,26.9055,81.04,26.8775,81.0762,Local,3.08,20.9,Low,No,Yes,No,Yes
354,Lucknow,26.9327,80.9149,26.9737,80.928,Highway,4.84,34.8,Low,Yes,No,No,No
355,Lucknow,26.868,80.9365,26.8302,80.9077,Residential,4.72,56.3,High,Yes,Yes,No,Yes
356,Lucknow,26.8695,80.9526,26.864,81.0025,Primary,0.91,51.1,High,Yes,Yes,No,No
357,Lucknow,26.7473,80.9069,26.7446,80.9246,Local,0.99,47.1,High,No,No,No,No
358,Lucknow,26.7625,80.8645,26.726,80.9058,Secondary,2.42,37.6,Low,No,No,Yes,Yes
359,Lucknow,26.8174,81.0056,26.7993,81.028,Local,2.49,51.7,Low,Yes,No,Yes,Yes
360,Lucknow,26.8436,80.9562,26.8501,80.9777,Secondary,2.71,50.0,High,No,Yes,No,Yes
361,Lucknow,26.913,81.0327,26.9473,81.0297,Secondary,3.88,53.2,Low,Yes,Yes,Yes,No
362,Lucknow,26.8626,80.9792,26.9079,80.99,Residential,2.48,33.0,Medium,Yes,No,No,No
363,Lucknow,26.7626,80.9629,26.7611,81.0035,Primary,4.77,54.3,High,No,Yes,Yes,Yes
364,Lucknow,26.7901,80.9209,26.7577,80.9317,Residential,2.0,57.3,Medium,Yes,No,Yes,Yes
365,Lucknow,26.8993,80.9981,26.9222,81.0409,Residential,4.49,21.3,Low,Yes,No,No,No
366,Lucknow,26.7947,80.8664,26.7624,80.8192,Highway,1.67,20.3,Medium,Yes,Yes,No,Yes
367,Lucknow,26.8025,80.9621,26.7795,80.9625,Residential,1.41,55.1,High,No,Yes,No,No
368,Lucknow,26.7883,80.9084,26.825,80.9104,Primary,3.96,25.6,Low,No,No,Yes,No
369,Lucknow,26.8406,80.8695,26.7931,80.8838,Primary,2.16,52.4,Low,Yes,Yes,Yes,No
370,Lucknow,26.8517,80.9416,26.8792,80.9443,Primary,2.51,41.5,Medium,No,Yes,Yes,No
371,Lucknow,26.7927,80.8758,26.8108,80.901,Secondary,3.44,56.0,Low,Yes,Yes,Yes,No
372,Lucknow,26.8738,80.9069,26.8512,80.8772,Residential,4.92,43.1,Low,Yes,No,No,No
373,Lucknow,26.8581,80.9774,26.8113,80.9886,Primary,2.74,36.7,Low,No,Yes,No,No
374,Lucknow,26.8092,80.9158,26.8571,80.9624,Secondary,2.69,30.6,High,Yes,No,Yes,No
375,Lucknow,26.9411,80.9697,26.9249,80.99,Highway,4.92,41.7,Low,Yes,No,Yes,No
376,Lucknow,26.7993,80.8533,26.7985,80.8128,Primary,3.67,24.1,Medium,Yes,No,Yes,No
377,Lucknow,26.7488,81.0443,26.7632,80.9958,Local,3.57,25.8,Medium,No,No,No,Yes
378,Lucknow,26.8831,81.0449,26.8955,81.0409,Highway,1.55,39.5,High,No,No,No,No
379,Lucknow,26.8601,80.9569,26.8571,80.9993,Highway,0.64,34.8,Medium,No,No,No,Yes
380,Lucknow,26.9176,81.0152,26.8854,81.013,Highway,2.66,39.6,High,No,No,No,No
381,Lucknow,26.8335,80.8724,26.8646,80.9052,Residential,2.55,35.7,Low,No,Yes,Yes,No
382,Lucknow,26.8276,80.9353,26.8238,80.8874,Primary,4.43,40.5,Medium,No,Yes,Yes,Yes
383,Lucknow,26.8551,80.9841,26.8491,80.9788,Secondary,2.61,35.5,Low,No,No,Yes,No
384,Lucknow,26.7762,80.8655,26.7685,80.8343,Local,0.56,32.0,Medium,No,No,No,Yes
385,Lucknow,26.9326,80.9897,26.9027,80.9631,Residential,3.93,43.9,Low,No,No,Yes,No
386,Lucknow,26.7877,81.0039,26.7406,81.0168,Primary,1.25,33.2,Low,No,No,Yes,No
387,Lucknow,26.9035,80.9707,26.9077,80.9298,Secondary,1.92,49.0,High,Yes,No,No,Yes
388,Lucknow,26.8558,80.9876,26.8252,80.9637,Highway,4.06,35.3,Low,Yes,Yes,Yes,No
389,Lucknow,26.9404,80.863,26.9323,80.8147,Highway,2.06,30.9,Low,No,Yes,No,Yes
390,Lucknow,26.8,81.0396,26.8288,81.088,Secondary,1.22,48.0,High,No,Yes,No,No
391,Lucknow,26.9312,80.9795,26.9706,80.9479,Residential,1.56,30.8,High,Yes,No,Yes,Yes
392,Lucknow,26.9352,81.0108,26.9323,81.0006,Secondary,0.69,34.4,Medium,No,Yes,No,Yes
393,Lucknow,26.9426,80.8639,26.9406,80.8763,Secondary,4.65,44.1,Medium,No,No,No,No
394,Lucknow,26.8216,81.0313,26.7825,80.9921,Local,4.23,26.6,Medium,No,No,Yes,Yes
395,Lucknow,26.8782,81.0228,26.8636,81.0549,Highway,3.1,41.8,Medium,No,Yes,Yes,No
396,Lucknow,26.9079,80.9021,26.8657,80.9234,Primary,2.16,56.3,Low,Yes,Yes,No,No
397,Lucknow,26.942,80.9025,26.8973,80.9234,Residential,4.79,37.1,High,Yes,Yes,Yes,Yes
398,Lucknow,26.8573,80.8968,26.8101,80.8668,Secondary,4.8,36.6,High,Yes,No,Yes,No
399,Lucknow,26.8891,80.9622,26.9085,80.9288,Primary,0.9,30.0,Medium,No,No,Yes,No
400,Lucknow,26.8272,80.9941,26.8227,81.0271,Primary,4.86,37.4,Medium,No,No,No,Yes
401,Kolkata,22.5701,88.3796,22.5308,88.4117,Highway,3.6,32.7,High,No,No,No,No
402,Kolkata,22.4927,88.3907,22.5314,88.4364,Primary,4.46,20.1,Medium,No,Yes,No,No
403,Kolkata,22.5403,88.4255,22.5873,88.431,Highway,1.06,59.9,Low,Yes,No,No,Yes
404,Kolkata,22.5212,88.423,22.5567,88.4388,Primary,0.72,33.9,Low,Yes,No,No,Yes
405,Kolkata,22.6677,88.4376,22.7064,88.4417,Secondary,4.52,38.8,Medium,No,Yes,Yes,Yes
406,Kolkata,22.6021,88.3644,22.5693,88.3423,Residential,2.71,27.8,Medium,Yes,Yes,No,Yes
407,Kolkata,22.5862,88.2723,22.6227,88.2786,Local,1.3,29.5,High,No,No,No,Yes
408,Kolkata,22.5563,88.3758,22.5511,88.3859,Local,1.34,51.2,Medium,Yes,No,Yes,Yes
409,Kolkata,22.642,88.3392,22.6809,88.3891,Residential,1.83,59.6,Medium,No,No,No,Yes
410,Kolkata,22.5727,88.3551,22.5921,88.381,Secondary,2.05,26.2,Medium,Yes,Yes,Yes,Yes
411,Kolkata,22.608,88.3591,22.6309,88.4043,Local,4.97,55.2,Medium,No,No,No,No
412,Kolkata,22.523,88.338,22.5254,88.3385,Local,0.59,59.0,Low,No,No,Yes,Yes
413,Kolkata,22.661,88.2997,22.6162,88.2933,Primary,0.96,25.3,Low,No,Yes,No,Yes
414,Kolkata,22.5379,88.3636,22.5614,88.3884,Local,4.81,36.6,High,No,Yes,Yes,No
415,Kolkata,22.4746,88.4513,22.4568,88.426,Highway,3.32,51.9,High,Yes,No,Yes,Yes
416,Kolkata,22.5745,88.4133,22.5846,88.4423,Highway,2.58,21.1,High,Yes,Yes,Yes,No
417,Kolkata,22.6259,88.4077,22.6399,88.3645,Primary,4.47,42.2,Low,Yes,Yes,Yes,Yes
418,Kolkata,22.5386,88.3284,22.5748,88.3008,Highway,3.01,41.4,Medium,Yes,No,No,Yes
419,Kolkata,22.4979,88.4292,22.4925,88.4506,Local,4.39,21.7,Medium,No,Yes,No,No
420,Kolkata,22.5331,88.423,22.4834,88.469,Local,2.01,52.8,Low,No,No,Yes,No
421,Kolkata,22.5348,88.328,22.5471,88.3275,Residential,3.46,26.4,Low,No,No,Yes,No
422,Kolkata,22.4981,88.3938,22.4859,88.4148,Primary,0.83,32.4,Medium,No,No,Yes,Yes
423,Kolkata,22.4908,88.3101,22.5113,88.3451,Local,0.71,57.1,Medium,No,No,Yes,No
424,Kolkata,22.511,88.3089,22.5059,88.3242,Highway,1.72,25.1,Low,Yes,No,Yes,No
425,Kolkata,22.5671,88.3747,22.5492,88.3322,Residential,2.88,52.1,Low,No,No,No,Yes
426,Kolkata,22.5913,88.3918,22.5431,88.3753,Highway,2.73,47.2,Medium,No,No,Yes,No
427,Kolkata,22.5143,88.3962,22.5047,88.3669,Local,4.6,58.5,Medium,Yes,No,No,Yes
428,Kolkata,22.5799,88.4143,22.5647,88.4032,Highway,1.13,35.9,Medium,Yes,Yes,No,No
429,Kolkata,22.5307,88.3869,22.577,88.4022,Highway,4.56,41.0,Medium,Yes,No,Yes,Yes
430,Kolkata,22.5335,88.4004,22.5528,88.4436,Primary,4.31,50.6,Low,Yes,No,Yes,Yes
431,Kolkata,22.5676,88.4529,22.5251,88.4921,Residential,1.47,38.4,Low,Yes,Yes,No,Yes
432,Kolkata,22.638,88.4328,22.6262,88.4762,Highway,3.06,41.6,Medium,Yes,No,No,No
433,Kolkata,22.6156,88.4099,22.6368,88.4022,Secondary,2.81,29.8,High,No,Yes,Yes,No
434,Kolkata,22.5239,88.4094,22.4962,88.4343,Highway,0.83,55.0,Low,No,Yes,No,Yes
435,Kolkata,22.4756,88.3345,22.518,88.2949,Secondary,1.14,38.2,High,Yes,No,No,No
436,Kolkata,22.671,88.2716,22.6434,88.3027,Local,1.08,52.4,Low,No,No,Yes,No
437,Kolkata,22.5095,88.3525,22.5577,88.3121,Local,1.25,53.3,Medium,No,Yes,Yes,No
438,Kolkata,22.4958,88.3749,22.5399,88.4011,Secondary,1.79,29.7,Medium,No,Yes,No,No
439,Kolkata,22.4748,88.3124,22.4479,88.3133,Secondary,3.55,30.7,Medium,Yes,No,Yes,No
440,Kolkata,22.5775,88.4601,22.53,88.4705,Residential,2.99,51.9,High,Yes,Yes,No,No
441,Kolkata,22.5699,88.3089,22.5364,88.3366,Secondary,1.38,50.1,High,No,Yes,No,No
442,Kolkata,22.639,88.2988,22.6151,88.3211,Secondary,2.82,42.3,High,No,Yes,Yes,No
443,Kolkata,22.4787,88.3206,22.4332,88.2892,Local,2.74,36.3,High,Yes,Yes,No,Yes
444,Kolkata,22.6018,88.2874,22.5742,88.3374,Local,4.77,37.3,Low,No,No,No,Yes
445,Kolkata,22.5328,88.4137,22.503,88.4596,Local,4.07,56.7,Low,Yes,Yes,No,No
446,Kolkata,22.5991,88.3104,22.6354,88.3113,Primary,4.54,33.6,High,No,Yes,Yes,Yes
447,Kolkata,22.5118,88.3982,22.4637,88.4181,Secondary,1.64,36.4,Low,No,Yes,Yes,Yes
448,Kolkata,22.4903,88.3222,22.518,88.3317,Local,2.18,32.8,High,Yes,Yes,No,Yes
449,Kolkata,22.6137,88.3794,22.6338,88.3495,Highway,4.5,46.7,Medium,Yes,No,No,No
450,Kolkata,22.6359,88.3949,22.6202,88.3634,Local,2.78,58.8,Low,Yes,Yes,Yes,Yes
451,Kolkata,22.5237,88.3652,22.5312,88.4042,Local,4.85,50.9,Medium,No,Yes,No,No
452,Kolkata,22.5771,88.3739,22.5404,88.3916,Secondary,0.94,57.5,Medium,Yes,No,Yes,Yes
453,Kolkata,22.6441,88.2848,22.6228,88.2453,Highway,2.52,52.6,Medium,No,No,Yes,No
454,Kolkata,22.4942,88.3652,22.5412,88.3191,Local,0.89,45.8,Medium,No,No,No,Yes
455,Kolkata,22.5896,88.3201,22.5701,88.315,Highway,4.6,36.2,Medium,No,Yes,Yes,No
456,Kolkata,22.4888,88.3414,22.4901,88.3608,Residential,3.2,45.8,High,No,Yes,No,No
457,Kolkata,22.6437,88.2823,22.6298,88.2935,Primary,4.26,32.1,Medium,No,No,Yes,Yes
458,Kolkata,22.5351,88.3668,22.5641,88.3824,Highway,3.15,36.5,Low,No,Yes,Yes,Yes
459,Kolkata,22.5186,88.265,22.4888,88.3041,Secondary,3.43,44.8,Medium,No,Yes,No,No
460,Kolkata,22.6012,88.3569,22.6191,88.3079,Local,4.87,36.6,Medium,Yes,Yes,No,Yes
461,Kolkata,22.588,88.4385,22.5752,88.4094,Residential,4.39,36.8,High,Yes,No,Yes,No
462,Kolkata,22.5122,88.2691,22.5245,88.2852,Residential,0.59,58.6,Low,Yes,No,Yes,Yes
463,Kolkata,22.4842,88.4497,22.5342,88.4169,Highway,1.5,41.9,High,Yes,Yes,No,Yes
464,Kolkata,22.5533,88.4044,22.5886,88.3859,Residential,3.01,49.8,Medium,Yes,Yes,No,No
465,Kolkata,22.5058,88.2938,22.5215,88.2633,Primary,3.1,57.9,Low,Yes,No,No,No
466,Kolkata,22.4731,88.4427,22.4548,88.4631,Highway,4.48,47.7,High,Yes,No,No,Yes
467,Kolkata,22.5526,88.4019,22.5157,88.409,Primary,4.58,47.1,High,Yes,Yes,No,Yes
468,Kolkata,22.5076,88.3832,22.5331,88.4085,Local,4.26,30.3,Medium,Yes,Yes,Yes,No
469,Kolkata,22.5819,88.3651,22.5864,88.3292,Residential,1.5,47.0,Medium,Yes,Yes,No,No
470,Kolkata,22.6077,88.456,22.6452,88.4984,Highway,1.64,27.7,Medium,Yes,Yes,Yes,No
471,Kolkata,22.4827,88.3971,22.5033,88.3505,Highway,0.82,26.0,High,Yes,No,Yes,Yes
472,Kolkata,22.5705,88.3021,22.5623,88.2607,Local,0.57,57.8,Medium,No,No,No,No
473,Kolkata,22.4864,88.4576,22.4623,88.4198,Primary,4.49,34.7,High,Yes,No,Yes,Yes
474,Kolkata,22.6271,88.2976,22.6521,88.3015,Local,3.95,52.1,Low,No,No,No,No
475,Kolkata,22.5571,88.3144,22.5179,88.2896,Highway,2.18,54.4,Medium,Yes,Yes,Yes,No
476,Kolkata,22.5169,88.2803,22.4893,88.2855,Local,1.85,56.5,Low,No,No,No,No
477,Kolkata,22.6316,88.2666,22.6559,88.2382,Highway,2.97,26.2,Low,No,No,Yes,Yes
478,Kolkata,22.6163,88.3423,22.6223,88.3373,Primary,4.57,58.1,High,No,Yes,No,No
479,Kolkata,22.5149,88.3712,22.5237,88.3223,Residential,4.81,59.6,Medium,No,No,No,No
480,Kolkata,22.5432,88.4578,22.5342,88.4712,Highway,1.93,31.7,High,No,No,Yes,No
481,Hyderabad,17.4571,78.5773,17.4244,78.6089,Primary,2.41,41.2,High,Yes,No,No,Yes
482,Hyderabad,17.326,78.4609,17.2778,78.4832,Primary,3.35,36.0,Medium,No,No,Yes,No
483,Hyderabad,17.4582,78.5352,17.5022,78.5234,Local,4.77,32.4,Low,No,No,No,No
484,Hyderabad,17.4422,78.411,17.4127,78.3694,Primary,1.02,38.8,Low,No,Yes,Yes,Yes
485,Hyderabad,17.2895,78.5086,17.281,78.5418,Local,2.16,57.7,High,No,Yes,No,Yes
486,Hyderabad,17.2994,78.5026,17.2506,78.5024,Primary,4.56,28.3,Low,No,No,Yes,Yes
487,Hyderabad,17.4286,78.5754,17.4726,78.5809,Residential,3.62,59.1,High,Yes,Yes,No,Yes
488,Hyderabad,17.3249,78.5135,17.3131,78.496,Residential,3.06,23.6,Medium,No,No,Yes,Yes
489,Hyderabad,17.4339,78.5536,17.3902,78.5658,Highway,2.08,30.6,High,Yes,Yes,No,No
490,Hyderabad,17.4732,78.4321,17.4839,78.4577,Local,2.25,56.6,Low,No,Yes,Yes,Yes
491,Hyderabad,17.4673,78.5863,17.4211,78.5638,Local,1.31,29.9,High,No,Yes,No,No
492,Hyderabad,17.4714,78.4439,17.4316,78.4432,Highway,2.42,36.5,Medium,No,Yes,No,Yes
493,Hyderabad,17.2871,78.514,17.2669,78.5298,Local,2.27,45.1,Low,Yes,Yes,Yes,Yes
494,Hyderabad,17.3776,78.4955,17.3295,78.4957,Primary,3.52,26.8,Low,No,Yes,Yes,Yes
495,Hyderabad,17.3485,78.5793,17.3331,78.5888,Residential,2.07,48.7,High,Yes,No,Yes,Yes
496,Hyderabad,17.4651,78.5007,17.4981,78.4907,Residential,2.15,52.8,Low,No,Yes,Yes,No
497,Hyderabad,17.4303,78.5657,17.4008,78.609,Local,3.53,23.6,Low,No,Yes,Yes,Yes
498,Hyderabad,17.345,78.443,17.3767,78.4692,Secondary,3.22,29.8,Medium,Yes,No,No,No
499,Hyderabad,17.2957,78.5097,17.307,78.4823,Local,0.71,32.7,High,Yes,No,Yes,Yes
500,Hyderabad,17.2872,78.4783,17.3037,78.4497,Highway,1.09,24.7,Medium,No,No,Yes,No
501,Hyderabad,17.3415,78.4458,17.3902,78.4432,Local,4.75,38.6,Medium,Yes,No,Yes,No
502,Hyderabad,17.4312,78.5196,17.4452,78.5468,Primary,1.09,43.2,High,No,Yes,Yes,Yes
503,Hyderabad,17.4264,78.5138,17.453,78.4707,Residential,1.17,30.5,High,No,Yes,Yes,Yes
504,Hyderabad,17.3856,78.4793,17.3946,78.5036,Secondary,1.21,54.0,Medium,No,No,Yes,No
505,Hyderabad,17.3837,78.4098,17.4179,78.4194,Local,2.47,35.7,High,No,No,Yes,Yes
506,Hyderabad,17.4157,78.3905,17.4439,78.4373,Secondary,1.07,50.8,Medium,No,Yes,Yes,No
507,Hyderabad,17.4355,78.5741,17.4413,78.5495,Primary,0.89,56.9,Medium,No,No,No,No
508,Hyderabad,17.3718,78.4137,17.3409,78.452,Highway,1.73,29.1,Medium,No,Yes,Yes,No
509,Hyderabad,17.406,78.5244,17.4042,78.4789,Highway,1.77,37.4,Low,Yes,No,Yes,Yes
510,Hyderabad,17.319,78.5172,17.3477,78.4926,Secondary,3.25,47.5,High,Yes,No,Yes,Yes
511,Hyderabad,17.3755,78.5629,17.4095,78.572,Local,2.4,39.5,High,Yes,Yes,No,No
512,Hyderabad,17.3089,78.47,17.2688,78.4616,Residential,0.83,57.0,Low,Yes,No,No,Yes
513,Hyderabad,17.3383,78.5392,17.3329,78.5587,Local,1.66,34.6,High,Yes,No,Yes,No
514,Hyderabad,17.359,78.4765,17.3898,78.4396,Primary,1.98,52.7,Medium,No,Yes,Yes,No
515,Hyderabad,17.3515,78.5668,17.3132,78.5468,Residential,0.94,45.3,Low,Yes,Yes,Yes,No
516,Hyderabad,17.2885,78.5591,17.3007,78.5116,Local,1.28,37.2,Medium,No,No,No,No
517,Hyderabad,17.3464,78.5677,17.3202,78.5258,Primary,4.41,35.7,Medium,Yes,Yes,Yes,Yes
518,Hyderabad,17.3375,78.5157,17.3277,78.5487,Highway,4.32,59.9,Low,No,Yes,No,No
519,Hyderabad,17.3664,78.5843,17.3739,78.5458,Highway,4.03,35.6,Medium,Yes,Yes,No,Yes
520,Hyderabad,17.4628,78.5218,17.4702,78.5661,Secondary,1.62,57.6,Low,Yes,No,Yes,No
521,Hyderabad,17.3123,78.4562,17.3113,78.4174,Local,4.84,32.3,Low,No,No,Yes,No
522,Hyderabad,17.4609,78.4578,17.5058,78.4566,Residential,0.99,33.4,Low,Yes,No,No,No
523,Hyderabad,17.3573,78.4661,17.3451,78.4965,Local,1.28,48.4,High,No,No,Yes,Yes
524,Hyderabad,17.3864,78.5475,17.3732,78.5312,Residential,3.71,53.5,Low,No,Yes,Yes,No
525,Hyderabad,17.3041,78.4106,17.2891,78.383,Secondary,4.02,56.3,Medium,Yes,No,No,No
526,Hyderabad,17.3528,78.4771,17.3101,78.4733,Highway,0.96,37.0,High,Yes,No,No,No
527,Hyderabad,17.4756,78.4228,17.5069,78.4407,Primary,3.76,42.6,Medium,Yes,Yes,No,No
528,Hyderabad,17.3484,78.4538,17.3107,78.4123,Highway,2.02,24.4,Medium,Yes,Yes,No,Yes
529,Hyderabad,17.305,78.5376,17.2994,78.4963,Highway,1.74,51.3,Low,No,Yes,Yes,No
530,Hyderabad,17.3994,78.4478,17.3995,78.4001,Local,2.73,45.6,Low,Yes,No,No,Yes
531,Hyderabad,17.4576,78.4918,17.5038,78.4739,Primary,2.88,52.5,Low,No,No,Yes,No
532,Hyderabad,17.328,78.5179,17.3617,78.5629,Secondary,2.23,48.1,Low,Yes,Yes,Yes,No
533,Hyderabad,17.3107,78.4042,17.3463,78.4374,Primary,4.27,34.5,Medium,No,Yes,No,No
534,Hyderabad,17.2925,78.5703,17.2977,78.5477,Highway,1.13,51.6,Medium,Yes,No,Yes,No
535,Hyderabad,17.4371,78.4838,17.4289,78.5267,Secondary,2.04,23.1,Low,No,Yes,No,Yes
536,Hyderabad,17.4563,78.5256,17.4899,78.4879,Residential,3.96,55.5,Medium,Yes,Yes,Yes,No
537,Hyderabad,17.3656,78.39,17.3515,78.398,Secondary,4.17,50.5,High,No,Yes,Yes,Yes
538,Hyderabad,17.4848,78.4611,17.5206,78.5109,Residential,1.84,56.6,Medium,Yes,No,No,No
539,Hyderabad,17.3999,78.5533,17.352,78.537,Primary,3.6,49.9,High,Yes,No,No,No
540,Hyderabad,17.329,78.4486,17.3324,78.4204,Secondary,3.28,55.5,Low,Yes,No,No,Yes
541,Hyderabad,17.4745,78.4795,17.4974,78.4624,Highway,0.76,49.4,High,No,Yes,No,No
542,Hyderabad,17.4706,78.4389,17.467,78.4816,Residential,2.01,58.8,High,No,Yes,Yes,Yes
543,Hyderabad,17.3063,78.4558,17.3199,78.5008,Secondary,1.17,22.8,High,No,No,No,Yes
544,Hyderabad,17.3085,78.5246,17.2791,78.5149,Secondary,2.34,47.8,High,Yes,No,No,No
545,Hyderabad,17.4357,78.5389,17.3875,78.5863,Local,0.77,27.7,Low,Yes,No,Yes,No
546,Hyderabad,17.311,78.486,17.3309,78.5265,Residential,2.33,48.3,Medium,No,Yes,Yes,No
547,Hyderabad,17.4708,78.4784,17.48,78.4595,Highway,3.96,52.6,High,Yes,No,Yes,No
548,Hyderabad,17.2971,78.5641,17.2508,78.557,Local,3.72,28.6,Low,Yes,Yes,No,No
549,Hyderabad,17.3515,78.4036,17.3533,78.3611,Residential,4.75,42.6,Low,No,Yes,Yes,No
550,Hyderabad,17.4174,78.528,17.463,78.5295,Secondary,4.52,29.6,Low,No,Yes,No,No
551,Hyderabad,17.3105,78.4958,17.3283,78.4754,Primary,4.36,59.0,High,Yes,No,No,Yes
552,Hyderabad,17.4329,78.5186,17.4252,78.5533,Highway,1.53,59.7,Low,Yes,Yes,Yes,No
553,Hyderabad,17.4368,78.4003,17.4865,78.4283,Highway,3.53,34.5,Low,No,No,Yes,No
554,Hyderabad,17.4006,78.4922,17.4221,78.5124,Residential,1.22,32.0,Medium,Yes,No,No,No
555,Hyderabad,17.3331,78.4898,17.3053,78.5155,Highway,3.06,23.7,Medium,Yes,No,No,Yes
556,Hyderabad,17.3227,78.5479,17.2969,78.5222,Secondary,1.09,51.5,Medium,No,No,No,No
557,Hyderabad,17.3916,78.4067,17.4195,78.366,Primary,3.15,23.9,Medium,No,Yes,No,Yes
558,Hyderabad,17.4191,78.5831,17.4594,78.6145,Primary,0.78,58.9,Low,No,No,Yes,No
559,Hyderabad,17.4758,78.5672,17.4666,78.5736,Residential,4.06,51.7,High,Yes,Yes,Yes,No
560,Hyderabad,17.4468,78.5744,17.4098,78.5325,Local,4.05,45.1,Medium,No,No,No,Yes
561,Ahmedabad,23.0173,72.565,22.9914,72.5304,Primary,0.65,37.1,High,No,Yes,No,No
562,Ahmedabad,23.0625,72.4726,23.0244,72.5076,Primary,2.62,29.8,High,No,No,No,Yes
563,Ahmedabad,23.0574,72.4825,23.0574,72.4662,Highway,1.06,38.4,Low,No,Yes,No,Yes
564,Ahmedabad,22.9355,72.6664,22.9273,72.6865,Residential,3.57,59.8,Medium,Yes,Yes,No,No
565,Ahmedabad,23.0055,72.6427,23.0438,72.6543,Secondary,3.75,59.6,Low,Yes,No,Yes,No
566,Ahmedabad,22.9711,72.6183,22.9529,72.586,Local,3.59,54.8,High,No,No,Yes,No
567,Ahmedabad,23.0412,72.575,23.0728,72.5936,Local,3.85,35.5,High,No,No,No,Yes
568,Ahmedabad,22.9412,72.5683,22.9041,72.5422,Local,0.91,50.1,Low,Yes,No,Yes,Yes
569,Ahmedabad,22.988,72.4986,23.0064,72.4506,Residential,1.2,53.8,Low,No,No,Yes,No
570,Ahmedabad,23.1133,72.5736,23.1601,72.6083,Primary,4.61,27.8,High,No,No,Yes,No
571,Ahmedabad,22.9425,72.5229,22.902,72.505,Primary,3.88,44.9,Low,Yes,No,No,No
572,Ahmedabad,22.9282,72.6105,22.9445,72.5756,Highway,4.13,42.9,Medium,Yes,Yes,No,Yes
573,Ahmedabad,22.9776,72.5064,23.0223,72.4665,Local,3.99,53.5,Medium,Yes,No,No,Yes
574,Ahmedabad,22.9234,72.6461,22.9673,72.6278,Highway,1.88,23.2,High,Yes,Yes,No,Yes
575,Ahmedabad,22.9438,72.4969,22.9464,72.526,Local,4.57,58.4,Medium,No,Yes,No,No
576,Ahmedabad,23.0973,72.5241,23.0738,72.5651,Secondary,1.42,22.8,Low,No,No,Yes,Yes
577,Ahmedabad,23.1173,72.5593,23.1423,72.5658,Residential,0.77,47.8,Medium,Yes,Yes,No,No
578,Ahmedabad,23.0739,72.5802,23.0783,72.554,Residential,4.45,50.1,Low,No,Yes,No,No
579,Ahmedabad,22.994,72.6403,23.0167,72.5998,Highway,2.54,59.7,Low,Yes,No,Yes,Yes
580,Ahmedabad,22.9781,72.5374,23.0038,72.5623,Residential,3.43,36.2,Medium,Yes,No,No,No
581,Ahmedabad,22.965,72.5131,22.9339,72.4662,Residential,1.06,33.3,Medium,No,No,Yes,Yes
582,Ahmedabad,23.117,72.4851,23.0916,72.4827,Highway,2.38,49.0,Medium,No,No,Yes,Yes
583,Ahmedabad,23.0753,72.5876,23.0305,72.5587,Secondary,3.32,52.3,Low,Yes,Yes,Yes,No
584,Ahmedabad,22.973,72.6205,23.0003,72.603,Residential,3.35,44.7,Low,Yes,Yes,Yes,No
585,Ahmedabad,23.1025,72.4814,23.0644,72.4343,Secondary,2.08,32.1,Medium,No,No,Yes,Yes
586,Ahmedabad,23.0078,72.5086,23.0301,72.4853,Primary,1.0,29.5,Medium,No,No,Yes,No
587,Ahmedabad,23.0803,72.6234,23.0757,72.6329,Residential,2.07,33.4,Medium,Yes,No,No,Yes
588,Ahmedabad,23.1203,72.6055,23.1317,72.5827,Secondary,2.59,29.3,High,Yes,No,Yes,Yes
589,Ahmedabad,23.0751,72.593,23.1103,72.6031,Secondary,0.96,38.1,Medium,Yes,Yes,Yes,Yes
590,Ahmedabad,23.0522,72.4771,23.0151,72.4522,Primary,0.57,36.9,Low,Yes,Yes,Yes,No
591,Ahmedabad,23.0417,72.5303,22.9995,72.5195,Secondary,0.56,43.3,Medium,Yes,Yes,Yes,No
592,Ahmedabad,22.9687,72.5402,23.0048,72.5655,Primary,3.26,31.1,Medium,No,Yes,No,Yes
593,Ahmedabad,22.9303,72.669,22.9485,72.6228,Primary,3.49,24.2,High,No,No,Yes,Yes
594,Ahmedabad,23.0052,72.4859,23.0255,72.4973,Highway,3.71,22.4,High,Yes,Yes,No,No
595,Ahmedabad,23.1108,72.5892,23.1057,72.6197,Local,1.9,31.7,Medium,Yes,No,No,Yes
596,Ahmedabad,22.9576,72.6031,22.9948,72.6393,Primary,4.89,43.3,Low,No,Yes,Yes,Yes
597,Ahmedabad,23.0243,72.6697,23.0378,72.664,Secondary,4.92,20.2,Medium,Yes,No,Yes,No
598,Ahmedabad,22.9376,72.4861,22.9361,72.5145,Highway,1.38,23.3,High,Yes,No,Yes,No
599,Ahmedabad,22.9684,72.5066,22.9252,72.4599,Highway,1.95,50.9,Medium,Yes,Yes,No,No
600,Ahmedabad,22.9303,72.6586,22.9477,72.6219,Local,0.93,24.5,Medium,Yes,Yes,Yes,Yes
601,Ahmedabad,22.9243,72.6266,22.8956,72.6141,Primary,3.43,43.8,Medium,No,No,No,Yes
602,Ahmedabad,22.9824,72.6694,22.9566,72.6631,Highway,3.35,51.1,High,Yes,No,No,Yes
603,Ahmedabad,23.0446,72.4953,23.0024,72.5383,Highway,4.66,21.6,Medium,No,No,Yes,Yes
604,Ahmedabad,23.0428,72.6057,23.0416,72.6547,Highway,2.25,45.8,Low,No,No,No,No
605,Ahmedabad,23.0785,72.5392,23.1173,72.5296,Local,2.21,59.5,Medium,No,Yes,No,No
606,Ahmedabad,23.0629,72.5706,23.1083,72.5412,Residential,2.44,43.6,Low,Yes,Yes,No,Yes
607,Ahmedabad,23.1203,72.6492,23.1126,72.6661,Secondary,1.98,44.6,Medium,Yes,No,No,No
608,Ahmedabad,22.9975,72.5638,22.9875,72.5598,Secondary,0.56,37.3,Low,Yes,No,No,No
609,Ahmedabad,23.0508,72.485,23.0586,72.5051,Local,1.73,22.0,High,No,Yes,No,No
610,Ahmedabad,23.1138,72.5399,23.0826,72.54,Residential,0.98,26.0,High,No,Yes,Yes,Yes
611,Ahmedabad,23.1116,72.6443,23.1266,72.6064,Local,0.8,22.6,High,No,Yes,Yes,Yes
612,Ahmedabad,22.9677,72.5808,22.9673,72.5702,Secondary,4.8,25.8,Medium,No,Yes,Yes,No
613,Ahmedabad,23.0491,72.4814,23.0144,72.5145,Primary,3.24,36.8,Low,No,Yes,Yes,Yes
614,Ahmedabad,23.0018,72.5454,23.043,72.5705,Highway,1.78,48.6,High,Yes,No,Yes,Yes
615,Ahmedabad,23.0721,72.4897,23.0773,72.4849,Highway,1.67,50.2,High,No,Yes,Yes,Yes
616,Ahmedabad,23.0552,72.6457,23.0412,72.6557,Primary,4.22,20.1,Medium,No,No,Yes,Yes
617,Ahmedabad,23.0281,72.5536,23.078,72.5108,Residential,1.71,43.1,Low,Yes,Yes,Yes,No
618,Ahmedabad,23.0535,72.6474,23.1007,72.6117,Residential,1.46,20.1,Medium,No,Yes,Yes,No
619,Ahmedabad,22.9958,72.667,22.9609,72.6636,Residential,2.45,42.8,Medium,Yes,No,Yes,Yes
620,Ahmedabad,22.976,72.6006,22.9309,72.6392,Secondary,4.94,20.6,Low,Yes,No,No,No
621,Ahmedabad,22.9588,72.5203,22.9702,72.5616,Primary,4.25,44.7,High,No,No,Yes,Yes
622,Ahmedabad,23.1222,72.6104,23.1598,72.6386,Highway,1.89,52.7,Low,No,No,No,Yes
623,Ahmedabad,23.0162,72.5564,22.9834,72.5826,Residential,1.8,31.8,Medium,No,No,Yes,Yes
624,Ahmedabad,22.9878,72.6227,22.9591,72.5929,Secondary,2.54,47.1,Medium,No,Yes,Yes,Yes
625,Ahmedabad,22.9974,72.5258,23.0304,72.5611,Secondary,0.9,22.6,Low,No,No,Yes,No
626,Ahmedabad,22.9353,72.5167,22.9658,72.4874,Secondary,4.07,23.8,Low,No,No,Yes,No
627,Ahmedabad,23.0478,72.6357,23.0696,72.6168,Highway,2.8,27.5,Low,No,No,No,Yes
628,Ahmedabad,22.9675,72.565,22.9255,72.5554,Residential,1.63,59.6,High,Yes,Yes,Yes,Yes
629,Ahmedabad,23.1203,72.628,23.1575,72.6413,Primary,0.82,22.2,Low,No,Yes,Yes,Yes
630,Ahmedabad,22.977,72.6545,23.0251,72.6369,Primary,4.23,27.7,High,Yes,No,Yes,No
631,Ahmedabad,23.0032,72.5506,23.0069,72.5856,Highway,1.37,23.6,Low,Yes,Yes,No,No
632,Ahmedabad,23.0477,72.5307,23.0776,72.5113,Local,2.37,45.7,Low,No,No,Yes,Yes
633,Ahmedabad,22.9804,72.6039,22.9835,72.6222,Primary,3.26,51.4,Low,No,Yes,No,No
634,Ahmedabad,22.9722,72.607,22.9608,72.6349,Secondary,4.56,31.4,High,Yes,No,No,No
635,Ahmedabad,23.116,72.6337,23.0781,72.6431,Primary,0.99,34.8,High,Yes,No,Yes,No
636,Ahmedabad,22.9427,72.6318,22.9684,72.664,Residential,4.62,22.9,High,No,No,No,Yes
637,Ahmedabad,23.1121,72.6148,23.126,72.6035,Secondary,4.47,45.0,Medium,Yes,Yes,No,No
638,Ahmedabad,23.0102,72.5818,22.9879,72.5794,Highway,3.01,35.5,Medium,Yes,No,Yes,Yes
639,Ahmedabad,23.0423,72.6586,23.0075,72.626,Primary,4.0,48.2,High,Yes,No,No,Yes
640,Ahmedabad,22.9496,72.5025,22.9731,72.5385,Highway,3.34,48.9,Medium,No,No,Yes,Yes
641,Pune,18.5162,73.8766,18.4949,73.8588,Local,0.85,31.1,Low,No,Yes,No,No
642,Pune,18.5648,73.9188,18.5894,73.9092,Secondary,2.35,30.9,High,No,Yes,Yes,Yes
643,Pune,18.5572,73.7738,18.5927,73.782,Highway,1.6,27.2,High,Yes,No,Yes,No
644,Pune,18.4671,73.9039,18.471,73.9333,Residential,0.54,48.8,Low,No,Yes,No,Yes
645,Pune,18.5096,73.826,18.5354,73.8081,Primary,4.26,28.7,Medium,No,Yes,No,Yes
646,Pune,18.4307,73.8241,18.4102,73.8504,Local,3.89,26.7,Medium,Yes,Yes,No,Yes
647,Pune,18.4999,73.7988,18.542,73.8127,Residential,2.85,47.3,Low,No,No,No,No
648,Pune,18.5324,73.8958,18.5074,73.8598,Secondary,1.03,31.4,Low,Yes,No,Yes,No
649,Pune,18.5713,73.901,18.609,73.8691,Residential,1.13,38.3,Medium,No,No,Yes,No
650,Pune,18.5485,73.844,18.5901,73.8719,Local,0.92,49.8,Low,No,No,No,Yes
651,Pune,18.543,73.7912,18.4962,73.7919,Local,0.59,52.5,Medium,Yes,No,No,No
652,Pune,18.464,73.835,18.4825,73.8813,Secondary,3.02,38.7,Medium,Yes,No,Yes,Yes
653,Pune,18.4371,73.7578,18.4434,73.7841,Primary,0.63,55.8,Medium,No,No,No,No
654,Pune,18.4847,73.7606,18.5159,73.7935,Residential,1.0,22.2,High,No,Yes,Yes,No
655,Pune,18.5544,73.8902,18.5407,73.9132,Local,2.81,36.8,High,No,No,No,No
656,Pune,18.6153,73.8085,18.5815,73.8407,Primary,1.89,44.5,High,No,No,No,Yes
657,Pune,18.4591,73.7964,18.4705,73.767,Secondary,3.8,24.8,High,No,Yes,No,Yes
658,Pune,18.5289,73.9165,18.5773,73.912,Highway,0.66,40.8,High,Yes,No,Yes,No
659,Pune,18.6115,73.8394,18.6439,73.8375,Highway,4.79,37.4,High,Yes,No,Yes,Yes
660,Pune,18.5692,73.9097,18.5785,73.9493,Residential,1.21,39.3,Medium,Yes,No,Yes,No
661,Pune,18.4405,73.836,18.4901,73.8039,Highway,2.78,37.1,Low,No,No,No,Yes
662,Pune,18.4631,73.815,18.513,73.7968,Secondary,4.35,51.7,Low,No,Yes,No,Yes
663,Pune,18.436,73.8818,18.4417,73.8531,Secondary,2.41,58.4,High,No,No,No,Yes
664,Pune,18.5347,73.8477,18.5297,73.8256,Primary,1.17,26.2,Low,No,No,No,No
665,Pune,18.4654,73.8389,18.4682,73.8223,Residential,4.45,24.7,High,Yes,No,No,Yes
666,Pune,18.6124,73.8607,18.6145,73.8886,Local,2.3,49.2,High,Yes,Yes,Yes,Yes
667,Pune,18.5629,73.9331,18.5205,73.9789,Local,2.17,44.9,High,Yes,No,No,No
668,Pune,18.5714,73.9175,18.5703,73.8788,Secondary,2.99,30.7,High,Yes,No,No,No
669,Pune,18.5771,73.8887,18.5439,73.9365,Highway,2.83,37.0,Medium,Yes,No,Yes,Yes
670,Pune,18.4871,73.8244,18.5231,73.7891,Primary,1.38,54.6,High,Yes,No,No,Yes
671,Pune,18.5368,73.8906,18.5442,73.8698,Secondary,1.97,50.6,Medium,Yes,Yes,No,Yes
672,Pune,18.543,73.7679,18.5801,73.7392,Local,2.78,57.6,Low,No,No,No,Yes
673,Pune,18.4228,73.7818,18.4293,73.8199,Highway,1.96,33.5,Medium,No,Yes,Yes,No
674,Pune,18.4334,73.8627,18.4539,73.8924,Primary,4.56,50.2,Low,No,Yes,Yes,Yes
675,Pune,18.5595,73.8717,18.5698,73.8248,Local,1.35,32.5,High,Yes,Yes,No,Yes
676,Pune,18.6151,73.9353,18.6649,73.8857,Local,2.04,28.0,Medium,No,Yes,Yes,No
677,Pune,18.534,73.9509,18.5785,73.9123,Local,4.48,52.6,High,Yes,No,No,No
678,Pune,18.4329,73.7637,18.4557,73.7321,Highway,1.26,22.6,Low,No,No,Yes,Yes
679,Pune,18.602,73.9457,18.5984,73.8981,Secondary,0.53,41.7,Medium,No,No,Yes,Yes
680,Pune,18.4971,73.9447,18.5339,73.9314,Primary,3.62,59.0,Medium,Yes,No,No,No
681,Pune,18.4592,73.804,18.4911,73.8158,Primary,4.45,42.6,High,Yes,No,No,Yes
682,Pune,18.4276,73.821,18.4737,73.7986,Highway,3.94,59.1,Medium,Yes,No,No,Yes
683,Pune,18.5324,73.883,18.5256,73.8585,Secondary,1.59,27.4,High,Yes,No,Yes,Yes
684,Pune,18.5155,73.8166,18.4916,73.8419,Local,1.95,37.8,Low,Yes,No,Yes,Yes
685,Pune,18.5486,73.9474,18.5412,73.9619,Primary,4.28,42.4,Medium,No,No,Yes,No
686,Pune,18.605,73.8697,18.569,73.8568,Highway,1.98,31.0,Low,Yes,No,Yes,Yes
687,Pune,18.504,73.7899,18.5247,73.8373,Local,1.19,44.1,Low,No,Yes,Yes,No
688,Pune,18.5217,73.8104,18.56,73.8549,Secondary,2.88,58.0,Low,Yes,No,No,No
689,Pune,18.5589,73.8074,18.5281,73.843,Local,2.1,20.2,Low,No,Yes,No,No
690,Pune,18.5397,73.8116,18.5873,73.8478,Residential,1.64,56.3,Medium,Yes,Yes,No,No
691,Pune,18.4863,73.849,18.4665,73.8191,Primary,1.42,48.5,Medium,Yes,Yes,No,Yes
692,Pune,18.5808,73.9461,18.5354,73.9305,Primary,0.64,43.3,High,No,Yes,No,No
693,Pune,18.5514,73.8937,18.516,73.9129,Primary,4.7,40.1,Medium,Yes,No,No,Yes
694,Pune,18.5334,73.8974,18.5502,73.8656,Secondary,1.41,36.5,Low,Yes,No,No,No
695,Pune,18.4911,73.9184,18.4872,73.9157,Residential,1.56,24.5,Medium,No,No,No,Yes
696,Pune,18.4948,73.8913,18.5265,73.8713,Primary,4.66,34.0,Medium,No,No,Yes,No
697,Pune,18.5264,73.8095,18.5468,73.7894,Residential,3.39,24.0,High,No,Yes,Yes,No
698,Pune,18.602,73.7684,18.6082,73.7844,Local,3.15,35.5,High,No,Yes,No,No
699,Pune,18.5719,73.8405,18.569,73.7999,Primary,1.84,24.5,Medium,Yes,Yes,Yes,Yes
700,Pune,18.4338,73.841,18.4825,73.8341,Residential,2.27,34.6,Low,No,Yes,No,Yes
701,Pune,18.5904,73.9559,18.5749,73.9245,Local,2.79,40.4,Medium,Yes,Yes,Yes,No
702,Pune,18.4667,73.8651,18.4818,73.9055,Highway,1.49,47.0,High,Yes,Yes,No,No
703,Pune,18.4361,73.854,18.4061,73.898,Primary,1.44,47.8,High,No,No,No,No
704,Pune,18.5998,73.8445,18.591,73.8661,Highway,1.55,32.4,Medium,Yes,No,No,No
705,Pune,18.5657,73.7982,18.5804,73.7754,Highway,2.45,59.0,Low,Yes,Yes,Yes,Yes
706,Pune,18.4224,73.8244,18.4063,73.818,Local,2.29,26.8,High,No,Yes,Yes,No
707,Pune,18.4835,73.9549,18.5205,73.9946,Highway,2.44,21.9,Medium,No,Yes,No,Yes
708,Pune,18.5698,73.8218,18.5914,73.8299,Residential,3.51,47.4,Low,Yes,No,No,No
709,Pune,18.5929,73.7903,18.5601,73.8004,Secondary,1.97,54.0,Low,No,No,No,No
710,Pune,18.5047,73.9275,18.4611,73.9396,Local,3.97,51.6,High,No,No,No,Yes
711,Pune,18.5013,73.815,18.5046,73.7764,Secondary,1.55,22.5,High,Yes,No,Yes,Yes
712,Pune,18.5658,73.8266,18.5675,73.798,Primary,0.92,53.4,Low,No,No,No,No
713,Pune,18.4558,73.8496,18.4199,73.8674,Local,0.59,27.5,High,No,No,No,Yes
714,Pune,18.4599,73.8526,18.4666,73.8708,Primary,4.49,47.0,Medium,Yes,No,No,No
715,Pune,18.4305,73.8554,18.4131,73.9015,Local,1.83,32.4,Medium,Yes,Yes,Yes,Yes
716,Pune,18.5692,73.928,18.5584,73.9136,Residential,1.9,35.4,High,Yes,No,No,No
717,Pune,18.5852,73.8677,18.555,73.8541,Secondary,1.83,30.4,Low,Yes,No,Yes,Yes
718,Pune,18.4467,73.8919,18.4758,73.9011,Secondary,1.54,30.3,High,Yes,No,No,No
719,Pune,18.4268,73.9359,18.4506,73.8861,Local,3.43,43.5,Medium,No,No,Yes,Yes
720,Pune,18.5442,73.8483,18.5842,73.8953,Local,3.05,57.6,High,No,No,No,No
721,Jaipur,26.959,75.7736,26.9399,75.7843,Secondary,2.51,45.1,High,No,No,Yes,Yes
722,Jaipur,26.8933,75.798,26.9157,75.8031,Primary,4.72,39.2,Low,Yes,No,No,Yes
723,Jaipur,26.8683,75.8092,26.8643,75.8158,Secondary,3.59,46.0,Low,No,No,Yes,Yes
724,Jaipur,27.0027,75.8148,27.0227,75.7853,Local,4.04,38.4,High,Yes,Yes,Yes,No
725,Jaipur,26.9078,75.7497,26.9308,75.7274,Residential,1.78,54.8,High,No,Yes,No,No
726,Jaipur,26.8534,75.8245,26.8238,75.8648,Local,3.02,36.8,Medium,Yes,Yes,Yes,No
727,Jaipur,26.9681,75.8584,26.9559,75.8832,Residential,2.46,35.1,Medium,No,No,No,Yes
728,Jaipur,26.8899,75.8025,26.8588,75.831,Highway,4.24,30.1,Low,No,Yes,Yes,No
729,Jaipur,26.979,75.6911,27.028,75.6692,Residential,1.0,21.1,Medium,Yes,Yes,No,Yes
730,Jaipur,26.944,75.8035,26.9783,75.777,Highway,2.88,41.1,Low,Yes,Yes,No,Yes
731,Jaipur,26.8792,75.7816,26.8384,75.8001,Secondary,0.62,54.6,Low,No,Yes,No,No
732,Jaipur,26.8311,75.8435,26.8343,75.8618,Residential,4.96,57.8,Medium,Yes,No,Yes,Yes
733,Jaipur,26.9015,75.8297,26.9443,75.7892,Local,2.19,57.1,Low,No,No,Yes,Yes
734,Jaipur,26.8452,75.6985,26.8882,75.7037,Residential,1.04,47.5,Low,No,No,No,No
735,Jaipur,27.0015,75.8368,26.9562,75.8418,Secondary,3.79,57.5,High,No,No,No,No
736,Jaipur,26.8947,75.736,26.9304,75.7418,Highway,1.08,24.9,Low,No,No,Yes,No
737,Jaipur,27.0106,75.7718,27.0576,75.8202,Local,1.09,54.6,Low,Yes,Yes,No,Yes
738,Jaipur,26.8732,75.7811,26.8285,75.82,Secondary,4.43,47.1,High,No,Yes,Yes,Yes
739,Jaipur,26.9924,75.7569,27.0128,75.7798,Primary,1.0,22.1,High,No,No,Yes,Yes
740,Jaipur,26.8306,75.7903,26.8162,75.8004,Secondary,0.79,39.4,Low,Yes,Yes,No,Yes
741,Jaipur,26.9036,75.878,26.8681,75.8309,Residential,4.33,31.4,Low,No,Yes,No,Yes
742,Jaipur,26.8323,75.8863,26.8462,75.9249,Secondary,2.3,51.0,Medium,No,No,Yes,No
743,Jaipur,27.0012,75.7212,26.9749,75.6947,Highway,0.54,56.8,Low,Yes,Yes,No,No
744,Jaipur,26.9491,75.8085,26.9048,75.8225,Primary,2.12,27.9,High,No,Yes,Yes,Yes
745,Jaipur,26.9611,75.8643,26.9358,75.8452,Residential,3.11,42.3,High,Yes,Yes,No,Yes
746,Jaipur,27.0124,75.794,27.0614,75.7815,Highway,4.22,21.3,High,Yes,Yes,No,No
747,Jaipur,26.9301,75.862,26.9475,75.873,Highway,4.05,59.9,Medium,Yes,Yes,No,Yes
748,Jaipur,26.9996,75.8678,27.0073,75.8883,Residential,2.94,44.5,High,Yes,Yes,Yes,Yes
749,Jaipur,26.9032,75.7859,26.8717,75.7714,Highway,2.22,45.7,Medium,Yes,No,No,No
750,Jaipur,26.8412,75.8619,26.8504,75.8666,Local,1.78,48.9,Medium,No,Yes,Yes,Yes
751,Jaipur,26.967,75.7372,26.9857,75.7344,Residential,3.24,41.5,Medium,Yes,Yes,Yes,Yes
752,Jaipur,26.9847,75.7201,26.9437,75.6988,Highway,0.62,44.6,Medium,No,No,Yes,No
753,Jaipur,26.903,75.7503,26.938,75.7847,Secondary,4.74,32.1,Medium,Yes,No,No,No
754,Jaipur,27.0092,75.7455,27.0082,75.6995,Secondary,4.07,38.9,Low,No,No,Yes,Yes
755,Jaipur,26.8577,75.7131,26.8789,75.7373,Residential,4.76,43.3,Low,No,Yes,Yes,Yes
756,Jaipur,27.0082,75.7862,26.9584,75.8256,Local,4.72,32.5,Low,No,No,No,Yes
757,Jaipur,26.9698,75.7502,26.9663,75.775,Local,0.88,28.8,High,No,No,Yes,Yes
758,Jaipur,26.9739,75.7249,26.958,75.7068,Residential,1.45,30.0,High,No,No,Yes,No
759,Jaipur,26.9943,75.8529,27.0314,75.8301,Local,1.24,42.0,High,Yes,Yes,No,Yes
760,Jaipur,26.8762,75.8859,26.8992,75.8572,Secondary,3.55,43.1,Medium,Yes,No,Yes,Yes
761,Jaipur,26.851,75.8023,26.883,75.7706,Local,1.98,51.0,High,Yes,No,Yes,Yes
762,Jaipur,26.9705,75.7853,26.9798,75.8112,Local,0.89,42.7,Medium,No,Yes,No,Yes
763,Jaipur,26.9883,75.8748,26.9951,75.9039,Secondary,2.32,57.0,Medium,No,No,No,No
764,Jaipur,26.8686,75.7398,26.8895,75.6982,Primary,1.5,50.3,High,No,Yes,No,Yes
765,Jaipur,26.9382,75.8397,26.9734,75.8862,Highway,4.44,49.8,Medium,No,No,Yes,Yes
766,Jaipur,26.8147,75.8805,26.8445,75.8432,Local,2.63,30.9,Low,No,No,No,No
767,Jaipur,26.9941,75.7802,27.0291,75.7614,Secondary,2.41,30.4,Medium,Yes,Yes,No,Yes
768,Jaipur,26.9809,75.7649,27.0252,75.7361,Secondary,3.37,39.6,Medium,Yes,No,No,Yes
769,Jaipur,26.8139,75.8507,26.8198,75.8678,Primary,2.83,45.0,Low,Yes,No,Yes,No
770,Jaipur,26.9599,75.7129,26.9378,75.679,Residential,2.8,49.1,High,No,No,Yes,No
771,Jaipur,26.9186,75.7166,26.927,75.7651,Local,1.13,44.0,High,Yes,No,Yes,No
772,Jaipur,26.9876,75.7922,26.9685,75.7719,Secondary,2.34,55.4,Low,No,Yes,Yes,Yes
773,Jaipur,26.8153,75.8681,26.7975,75.875,Local,0.7,45.7,Medium,Yes,Yes,Yes,Yes
774,Jaipur,26.8526,75.8687,26.8307,75.86,Residential,1.69,38.6,Low,Yes,No,Yes,No
775,Jaipur,26.9962,75.8213,26.9667,75.8396,Secondary,0.56,30.1,Medium,Yes,Yes,No,No
776,Jaipur,26.923,75.8266,26.8853,75.8729,Primary,3.19,30.2,Low,No,Yes,No,Yes
777,Jaipur,26.9528,75.7775,26.9544,75.7966,Secondary,2.85,29.2,Medium,Yes,No,Yes,Yes
778,Jaipur,26.8222,75.709,26.8481,75.6925,Local,2.86,57.0,Low,No,No,Yes,No
779,Jaipur,26.8617,75.7159,26.8302,75.6698,Local,3.01,22.5,Low,No,No,No,Yes
780,Jaipur,26.9912,75.7013,27.0029,75.6697,Residential,4.91,44.8,High,No,Yes,Yes,Yes
781,Jaipur,26.8682,75.706,26.842,75.7478,Secondary,1.45,41.3,High,No,Yes,Yes,Yes
782,Jaipur,26.8297,75.7107,26.7872,75.7524,Residential,3.72,36.1,High,Yes,No,No,Yes
783,Jaipur,26.8846,75.844,26.893,75.8386,Secondary,4.89,58.6,Low,No,Yes,Yes,Yes
784,Jaipur,26.8178,75.8671,26.8422,75.8931,Residential,2.02,27.8,Medium,Yes,Yes,Yes,Yes
785,Jaipur,26.9648,75.7072,26.9251,75.7409,Secondary,2.29,47.6,Low,Yes,Yes,Yes,No
786,Jaipur,26.8363,75.7079,26.8456,75.6768,Highway,0.85,22.9,Low,No,No,Yes,No
787,Jaipur,26.912,75.7671,26.8693,75.726,Residential,3.88,43.9,Medium,Yes,No,Yes,No
788,Jaipur,27.0027,75.8322,27.0508,75.8754,Secondary,4.1,30.2,Medium,Yes,No,Yes,Yes
789,Jaipur,26.9271,75.8026,26.9214,75.8216,Local,4.79,27.1,Low,Yes,No,No,No
790,Jaipur,26.882,75.8188,26.8385,75.7787,Residential,0.57,39.5,Low,No,No,No,Yes
791,Jaipur,26.9273,75.841,26.9182,75.8434,Local,1.8,38.0,Medium,Yes,No,Yes,No
792,Jaipur,26.8271,75.7252,26.7849,75.6944,Local,2.02,20.8,High,Yes,No,Yes,Yes
793,Jaipur,26.9301,75.732,26.9293,75.7643,Primary,4.31,25.9,Low,No,No,No,No
794,Jaipur,26.9153,75.782,26.9533,75.8285,Primary,3.9,37.8,High,No,No,No,Yes
795,Jaipur,26.8484,75.7568,26.813,75.77,Highway,4.69,32.8,Low,No,No,No,No
796,Jaipur,26.9381,75.7167,26.9611,75.6917,Local,4.87,43.0,High,Yes,No,Yes,Yes
797,Jaipur,27.0037,75.7656,27.0506,75.785,Residential,2.39,41.0,High,No,No,Yes,Yes
798,Jaipur,26.9914,75.8272,26.9704,75.8075,Residential,3.81,49.0,Low,Yes,No,Yes,No
799,Jaipur,26.9758,75.7094,26.9861,75.6781,Primary,4.23,21.8,High,No,No,Yes,Yes
800,Jaipur,27.0096,75.6936,26.9967,75.7082,Highway,3.48,47.0,Low,No,Yes,Yes,Yes
